"","lon","lat"
"1",-95.3698028,29.7604267
"2",-89.3985283,32.3546679
"3",-118.2436849,34.0522342
"4",-98.4936282,29.4241219
"5",-98.4936282,29.4241219
"6",-118.2436849,34.0522342
"7",-118.2436849,34.0522342
"8",-118.2436849,34.0522342
"9",-118.2436849,34.0522342
"10",-118.2436849,34.0522342
"11",-118.2436849,34.0522342
"12",-118.2436849,34.0522342
"13",-118.2436849,34.0522342
"14",-84.3879824,33.7489954
"15",-106.650422,35.0843859
"16",-96.7969879,32.7766642
"17",-118.2436849,34.0522342
"18",-84.3879824,33.7489954
"19",-104.990251,39.7392358
"20",-104.990251,39.7392358
"21",-104.990251,39.7392358
"22",-87.6297982,41.8781136
"23",-112.0740373,33.4483771
"24",-98.4936282,29.4241219
"25",-104.990251,39.7392358
"26",-118.2436849,34.0522342
"27",-118.2436849,34.0522342
"28",-98.4842465,39.011902
"29",-74.0059728,40.7127753
"30",-95.3698028,29.7604267
"31",-87.6297982,41.8781136
"32",-78.6381787,35.7795897
"33",-90.1994042,38.6270025
"34",-90.0715323,29.9510658
"35",-122.4194155,37.7749295
"36",-118.2436849,34.0522342
"37",-118.2436849,34.0522342
"38",-121.8946761,36.6002378
"39",-122.2711137,37.8043637
"40",-118.2436849,34.0522342
"41",-118.2436849,34.0522342
"42",-118.1937395,33.7700504
"43",-118.2436849,34.0522342
"44",-87.6297982,41.8781136
"45",-118.2436849,34.0522342
"46",-118.2436849,34.0522342
"47",-118.2436849,34.0522342
"48",-90.1994042,38.6270025
"49",-97.092877,35.0077519
"50",-98.4936282,29.4241219
"51",-118.2436849,34.0522342
"52",-95.9345034,41.2565369
"53",-77.0368707,38.9071923
"54",-118.4911912,34.0194543
"55",-95.3696909,35.7478769
"56",-118.2436849,34.0522342
"57",-95.9345034,41.2565369
"58",-118.2436849,34.0522342
"59",-118.2436849,34.0522342
"60",-95.992775,36.1539816
"61",-90.1848103,32.2987573
"62",-97.3307658,32.7554883
"63",-95.3696909,35.7478769
"64",-104.990251,39.7392358
"65",-118.2436849,34.0522342
"66",-90.1994042,38.6270025
"67",-94.3985475,35.3859242
"68",-74.0059728,40.7127753
"69",-118.2436849,34.0522342
"70",-118.2436849,34.0522342
"71",-118.2436849,34.0522342
"72",-117.6508876,34.0633443
"73",-118.2436849,34.0522342
"74",-122.3320708,47.6062095
"75",-92.2895948,34.7464809
"76",-98.4933873,33.9137085
"77",-89.3856281,36.0345159
"78",-89.3856281,36.0345159
"79",-118.2436849,34.0522342
"80",-96.7969879,32.7766642
"81",-79.3831843,43.653226
"82",-77.1945247,41.2033216
"83",-90.0715323,29.9510658
"84",-118.2436849,34.0522342
"85",-94.5785667,39.0997265
"86",-118.2436849,34.0522342
"87",-87.4975254,34.6464798
"88",-119.0187125,35.3732921
"89",-118.2436849,34.0522342
"90",-118.2436849,34.0522342
"91",-87.6297982,41.8781136
"92",-118.2436849,34.0522342
"93",-118.2436849,34.0522342
"94",-97.7430608,30.267153
"95",-117.1610838,32.715738
"96",-74.4229266,39.3642834
"97",-118.2436849,34.0522342
"98",-95.3698028,29.7604267
"99",-74.0059728,40.7127753
"100",-122.2711137,37.8043637
"101",-95.9345034,41.2565369
"102",-96.7969879,32.7766642
"103",-93.7501789,32.5251516
"104",-94.5785667,39.0997265
"105",-78.6568942,37.4315734
"106",-74.0059728,40.7127753
"107",-118.2436849,34.0522342
"108",-118.2436849,34.0522342
"109",-89.3985283,32.3546679
"110",-90.1848103,32.2987573
"111",-118.2436849,34.0522342
"112",-118.2436849,34.0522342
"113",-89.350631,36.9208854
"114",-118.2436849,34.0522342
"115",-122.4442906,47.2528768
"116",-122.4194155,37.7749295
"117",-90.1848103,32.2987573
"118",-112.0740373,33.4483771
"119",-118.2436849,34.0522342
"120",-118.2436849,34.0522342
"121",-118.2436849,34.0522342
"122",-95.6751576,39.0473451
"123",-118.2436849,34.0522342
"124",-118.2436849,34.0522342
"125",-85.4463594,39.6092137
"126",-93.2173758,30.2265949
"127",-96.7969879,32.7766642
"128",-118.2436849,34.0522342
"129",-84.1916069,39.7589478
"130",-122.3320708,47.6062095
"131",-97.151931,29.2877469
"132",-87.9064736,43.0389025
"133",-118.2436849,34.0522342
"134",-118.2436849,34.0522342
"135",-122.6793461,45.5154586
"136",-118.2436849,34.0522342
"137",-118.2436849,34.0522342
"138",-118.2436849,34.0522342
"139",-118.2436849,34.0522342
"140",-118.2436849,34.0522342
"141",-92.657085,30.2224284
"142",-118.2436849,34.0522342
"143",-73.9441579,40.6781784
"144",-94.7976958,29.3013479
"145",-118.2436849,34.0522342
"146",-73.9441579,40.6781784
"147",-118.2436849,34.0522342
"148",-94.1265562,30.080174
"149",-71.1522765,42.4792618
"150",-94.3305059,38.2586347
"151",-118.2436849,34.0522342
"152",-98.7648073,38.3644567
"153",-94.5785667,39.0997265
"154",-118.2436849,34.0522342
"155",-118.2436849,34.0522342
"156",-118.2436849,34.0522342
"157",-94.846681,39.7674578
"158",-118.2436849,34.0522342
"159",-95.3698028,29.7604267
"160",-73.6337389,40.8623217
"161",-95.1797935,32.5891917
"162",-118.2436849,34.0522342
"163",-97.5164276,35.4675602
"164",-118.2436849,34.0522342
"165",-122.4194155,37.7749295
"166",-87.4975254,34.6464798
"167",-75.1652215,39.9525839
"168",-75.1652215,39.9525839
"169",-95.3698028,29.7604267
"170",-118.2436849,34.0522342
"171",-96.7969879,32.7766642
"172",-118.2436849,34.0522342
"173",-96.7969879,32.7766642
"174",-90.0715323,29.9510658
"175",-118.2436849,34.0522342
"176",-94.6858998,46.729553
"177",-118.2436849,34.0522342
"178",-118.2436849,34.0522342
"179",-85.6680863,42.9633599
"180",-95.3698028,29.7604267
"181",-87.6297982,41.8781136
"182",-95.3698028,29.7604267
"183",-98.4936282,29.4241219
"184",-118.2436849,34.0522342
"185",-97.3307658,32.7554883
"186",-122.6793461,45.5154586
"187",-118.2436849,34.0522342
"188",-74.0059728,40.7127753
"189",-118.2436849,34.0522342
"190",-105.7820674,39.5500507
"191",-118.2436849,34.0522342
"192",-94.5785667,39.0997265
"193",-95.3698028,29.7604267
"194",-118.2436849,34.0522342
"195",-118.2436849,34.0522342
"196",-118.2436849,34.0522342
"197",-118.2436849,34.0522342
"198",-95.9345034,41.2565369
"199",-118.2436849,34.0522342
"200",-83.0457538,42.331427
"201",-118.2436849,34.0522342
"202",-118.2436849,34.0522342
"203",-118.2436849,34.0522342
"204",-118.2436849,34.0522342
"205",-118.2436849,34.0522342
"206",-118.2436849,34.0522342
"207",-118.2436849,34.0522342
"208",-118.2436849,34.0522342
"209",-106.4850217,31.7618778
"210",-118.2436849,34.0522342
"211",-118.2436849,34.0522342
"212",-118.2436849,34.0522342
"213",-118.2436849,34.0522342
"214",-118.2436849,34.0522342
"215",-118.2436849,34.0522342
"216",-118.2436849,34.0522342
"217",-118.2436849,34.0522342
"218",-96.7969879,32.7766642
"219",-149.4936733,64.2008413
"220",-118.2436849,34.0522342
"221",-118.2436849,34.0522342
"222",-87.5710898,37.9715592
"223",-118.2436849,34.0522342
"224",-118.2436849,34.0522342
"225",-118.2436849,34.0522342
"226",-118.2436849,34.0522342
"227",-118.2436849,34.0522342
"228",-122.3320708,47.6062095
"229",-118.2436849,34.0522342
"230",-118.2436849,34.0522342
"231",-103.6179745,48.1469683
"232",-118.2436849,34.0522342
"233",-118.2436849,34.0522342
"234",-98.4936282,29.4241219
"235",-94.5785667,39.0997265
"236",-74.0059728,40.7127753
"237",-118.2436849,34.0522342
"238",-118.2436849,34.0522342
"239",-95.3698028,29.7604267
"240",-97.1466695,31.549333
"241",-118.2436849,34.0522342
"242",-118.2436849,34.0522342
"243",-94.5785667,39.0997265
"244",-97.3307658,32.7554883
"245",-94.5785667,39.0997265
"246",-74.0059728,40.7127753
"247",-100.4370375,31.4637723
"248",-118.2436849,34.0522342
"249",-90.1994042,38.6270025
"250",-118.2436849,34.0522342
"251",-92.2895948,34.7464809
"252",-92.2895948,34.7464809
"253",-87.6297982,41.8781136
"254",-118.2436849,34.0522342
"255",-98.4842465,39.011902
"256",-92.2895948,34.7464809
"257",-96.7969879,32.7766642
"258",-118.2436849,34.0522342
"259",-97.5164276,35.4675602
"260",-118.2436849,34.0522342
"261",-96.7969879,32.7766642
"262",-118.2436849,34.0522342
"263",-118.2436849,34.0522342
"264",-87.6297982,41.8781136
"265",-118.2436849,34.0522342
"266",-118.2436849,34.0522342
"267",-118.2436849,34.0522342
"268",-118.1445155,34.1477849
"269",-117.1610838,32.715738
"270",-117.1610838,32.715738
"271",-118.2436849,34.0522342
"272",-82.9987942,39.9611755
"273",-118.2436849,34.0522342
"274",-87.6297982,41.8781136
"275",-118.2436849,34.0522342
"276",-118.2436849,34.0522342
"277",-118.4911912,34.0194543
"278",-118.2436849,34.0522342
"279",-104.990251,39.7392358
"280",-118.2436849,34.0522342
"281",-118.2436849,34.0522342
"282",-118.2436849,34.0522342
"283",-104.990251,39.7392358
"284",-84.1052256,40.742551
"285",-118.2436849,34.0522342
"286",-118.2436849,34.0522342
"287",-118.2436849,34.0522342
"288",-87.6297982,41.8781136
"289",-87.6297982,41.8781136
"290",-118.2436849,34.0522342
"291",-84.3879824,33.7489954
"292",-118.2436849,34.0522342
"293",-118.2436849,34.0522342
"294",-118.2436849,34.0522342
"295",-118.2436849,34.0522342
"296",-90.0715323,29.9510658
"297",-118.2436849,34.0522342
"298",-118.2436849,34.0522342
"299",-118.1445155,34.1477849
"300",-118.2436849,34.0522342
"301",-118.2436849,34.0522342
"302",-87.6297982,41.8781136
"303",-98.4936282,29.4241219
"304",-74.0059728,40.7127753
"305",-118.2436849,34.0522342
"306",-118.2436849,34.0522342
"307",-94.7976958,29.3013479
"308",-95.3698028,29.7604267
"309",-91.8318334,35.20105
"310",-93.7501789,32.5251516
"311",-95.3698028,29.7604267
"312",-87.6297982,41.8781136
"313",-118.2436849,34.0522342
"314",-118.2436849,34.0522342
"315",-84.7999382,34.1650972
"316",-118.2436849,34.0522342
"317",-118.2436849,34.0522342
"318",-83.0457538,42.331427
"319",-118.2436849,34.0522342
"320",-97.3307658,32.7554883
"321",-118.2436849,34.0522342
"322",-122.3320708,47.6062095
"323",-90.0715323,29.9510658
"324",-90.0715323,29.9510658
"325",-80.8431267,35.2270869
"326",-118.2436849,34.0522342
"327",-118.2436849,34.0522342
"328",-118.2436849,34.0522342
"329",-118.2436849,34.0522342
"330",-97.092877,35.0077519
"331",-118.2436849,34.0522342
"332",-118.2436849,34.0522342
"333",-74.0120817,40.2203907
"334",-92.2895948,34.7464809
"335",-94.5785667,39.0997265
"336",-118.2436849,34.0522342
"337",-118.2436849,34.0522342
"338",-94.7976958,29.3013479
"339",-118.2436849,34.0522342
"340",-74.0059728,40.7127753
"341",-105.7820674,39.5500507
"342",-97.7430608,30.267153
"343",-97.3717118,37.2653004
"344",-118.2436849,34.0522342
"345",-118.2436849,34.0522342
"346",-105.7820674,39.5500507
"347",-118.2436849,34.0522342
"348",-118.2436849,34.0522342
"349",-118.2436849,34.0522342
"350",-118.2436849,34.0522342
"351",-95.6751576,39.0473451
"352",-94.3674184,32.5448714
"353",-118.2436849,34.0522342
"354",-94.5785667,39.0997265
"355",-118.2436849,34.0522342
"356",-98.4936282,29.4241219
"357",-118.2436849,34.0522342
"358",-118.2436849,34.0522342
"359",-118.2436849,34.0522342
"360",-92.0031955,34.2284312
"361",-118.2436849,34.0522342
"362",-118.2436849,34.0522342
"363",-118.2436849,34.0522342
"364",-90.1994042,38.6270025
"365",-90.0715323,29.9510658
"366",-85.3096801,35.0456297
"367",-87.6297982,41.8781136
"368",-104.8213634,38.8338816
"369",-87.6297982,41.8781136
"370",-90.0715323,29.9510658
"371",-94.5785667,39.0997265
"372",-118.2436849,34.0522342
"373",-104.990251,39.7392358
"374",-87.6297982,41.8781136
"375",-118.4911912,34.0194543
"376",-96.7969879,32.7766642
"377",-90.0715323,29.9510658
"378",-118.2436849,34.0522342
"379",-95.3698028,29.7604267
"380",-118.2436849,34.0522342
"381",-118.2436849,34.0522342
"382",-95.3698028,29.7604267
"383",-95.3698028,29.7604267
"384",-122.3320708,47.6062095
"385",-122.3320708,47.6062095
"386",-98.4936282,29.4241219
"387",-97.1466695,31.549333
"388",-98.4936282,29.4241219
"389",-118.2436849,34.0522342
"390",-80.5772928,40.6186756
"391",-118.2436849,34.0522342
"392",-118.2436849,34.0522342
"393",-93.0899578,44.9537029
"394",-118.2436849,34.0522342
"395",-118.2436849,34.0522342
"396",-118.2436849,34.0522342
"397",-76.6121893,39.2903848
"398",-118.2436849,34.0522342
"399",-118.2436849,34.0522342
"400",-118.2436849,34.0522342
"401",-86.4061892,45.8666227
"402",-95.3698028,29.7604267
"403",-94.6267873,39.1155314
"404",-94.7976958,29.3013479
"405",-94.7976958,29.3013479
"406",-87.6297982,41.8781136
"407",-118.2436849,34.0522342
"408",-118.2436849,34.0522342
"409",-118.2436849,34.0522342
"410",-122.2711137,37.8043637
"411",-118.2436849,34.0522342
"412",-118.2436849,34.0522342
"413",-118.2436849,34.0522342
"414",-118.2436849,34.0522342
"415",-118.2436849,34.0522342
"416",-94.5785667,39.0997265
"417",-77.0368707,38.9071923
"418",-92.2895948,34.7464809
"419",-87.6297982,41.8781136
"420",-95.3698028,29.7604267
"421",-86.158068,39.768403
"422",-86.158068,39.768403
"423",-118.2436849,34.0522342
"424",-90.0489801,35.1495343
"425",-118.2436849,34.0522342
"426",-96.7969879,32.7766642
"427",-73.9441579,40.6781784
"428",-118.2436849,34.0522342
"429",-98.4936282,29.4241219
"430",-94.5785667,39.0997265
"431",-118.2436849,34.0522342
"432",-94.5785667,39.0997265
"433",-87.6297982,41.8781136
"434",-118.2436849,34.0522342
"435",-95.2419192,38.2805772
"436",-84.5120196,39.1031182
"437",-90.0715323,29.9510658
"438",-87.6297982,41.8781136
"439",-118.2436849,34.0522342
"440",-96.7969879,32.7766642
"441",-118.2436849,34.0522342
"442",-95.3698028,29.7604267
"443",-118.2436849,34.0522342
"444",-118.2436849,34.0522342
"445",-118.2436849,34.0522342
"446",-118.2436849,34.0522342
"447",-87.6297982,41.8781136
"448",-101.8312969,35.2219971
"449",-81.6943605,41.49932
"450",-97.7430608,30.267153
"451",-86.158068,39.768403
"452",-118.2436849,34.0522342
"453",-118.2436849,34.0522342
"454",-118.2436849,34.0522342
"455",-81.6943605,41.49932
"456",-118.2436849,34.0522342
"457",-118.2436849,34.0522342
"458",-86.158068,39.768403
"459",-122.3320708,47.6062095
"460",-118.2436849,34.0522342
"461",-120.5478474,46.9965144
"462",-118.2436849,34.0522342
"463",-77.0368707,38.9071923
"464",-104.990251,39.7392358
"465",-97.9647269,29.5688411
"466",-93.7501789,32.5251516
"467",-74.0059728,40.7127753
"468",-74.0059728,40.7127753
"469",-118.2436849,34.0522342
"470",-74.0059728,40.7127753
"471",-118.2436849,34.0522342
"472",-79.9958864,40.4406248
"473",-118.2436849,34.0522342
"474",-118.2436849,34.0522342
"475",-95.992775,36.1539816
"476",-118.2436849,34.0522342
"477",-118.2436849,34.0522342
"478",-87.6297982,41.8781136
"479",-93.7501789,32.5251516
"480",-118.2436849,34.0522342
"481",-118.2436849,34.0522342
"482",-118.2436849,34.0522342
"483",-118.2436849,34.0522342
"484",-118.2436849,34.0522342
"485",-118.2436849,34.0522342
"486",-118.2436849,34.0522342
"487",-118.2436849,34.0522342
"488",-118.2436849,34.0522342
"489",-95.3698028,29.7604267
"490",-118.2436849,34.0522342
"491",-97.7430608,30.267153
"492",-93.7501789,32.5251516
"493",-94.1265562,30.080174
"494",-118.2436849,34.0522342
"495",-118.2436849,34.0522342
"496",-118.2436849,34.0522342
"497",-118.1445155,34.1477849
"498",-118.2436849,34.0522342
"499",-118.2436849,34.0522342
"500",-90.3162087,34.8173207
"501",-118.2436849,34.0522342
"502",-118.2436849,34.0522342
"503",-118.2436849,34.0522342
"504",-80.1917902,25.7616798
"505",-118.2436849,34.0522342
"506",-89.3856281,36.0345159
"507",-94.5785667,39.0997265
"508",-118.2436849,34.0522342
"509",-94.8791294,38.5722353
"510",-118.2436849,34.0522342
"511",-90.0489801,35.1495343
"512",-118.2436849,34.0522342
"513",-90.1994042,38.6270025
"514",-87.6297982,41.8781136
"515",-118.2436849,34.0522342
"516",-79.3831843,43.653226
"517",-118.2436849,34.0522342
"518",-122.4194155,37.7749295
"519",-118.2436849,34.0522342
"520",-90.0715323,29.9510658
"521",-118.2436849,34.0522342
"522",-118.2436849,34.0522342
"523",-118.2436849,34.0522342
"524",-118.2436849,34.0522342
"525",-118.2436849,34.0522342
"526",-87.6297982,41.8781136
"527",-90.0715323,29.9510658
"528",-118.2436849,34.0522342
"529",-87.6297982,41.8781136
"530",-87.6297982,41.8781136
"531",-118.2436849,34.0522342
"532",-118.2436849,34.0522342
"533",-117.2897652,34.1083449
"534",-90.1994042,38.6270025
"535",-86.8103567,33.5185892
"536",-95.992775,36.1539816
"537",-118.2436849,34.0522342
"538",-118.2436849,34.0522342
"539",-92.2895948,34.7464809
"540",-118.2436849,34.0522342
"541",-118.2436849,34.0522342
"542",-117.7499909,34.055103
"543",-118.4911912,34.0194543
"544",-92.2895948,34.7464809
"545",-87.6297982,41.8781136
"546",-118.2436849,34.0522342
"547",-87.6297982,41.8781136
"548",-87.6297982,41.8781136
"549",-94.5785667,39.0997265
"550",-106.4850217,31.7618778
"551",-95.3698028,29.7604267
"552",-118.2436849,34.0522342
"553",-95.6751576,39.0473451
"554",-122.3320708,47.6062095
"555",-118.2436849,34.0522342
"556",-94.7976958,29.3013479
"557",-89.3985283,40.6331249
"558",-94.5785667,39.0997265
"559",-83.0457538,42.331427
"560",-83.0457538,42.331427
"561",-83.0457538,42.331427
"562",-118.2436849,34.0522342
"563",-118.2436849,34.0522342
"564",-118.2436849,34.0522342
"565",-119.7871247,36.7377981
"566",-95.3698028,29.7604267
"567",-96.7969879,32.7766642
"568",-90.0715323,29.9510658
"569",-96.7969879,32.7766642
"570",-96.7969879,32.7766642
"571",-118.2436849,34.0522342
"572",-97.3307658,32.7554883
"573",-74.0059728,40.7127753
"574",-118.2436849,34.0522342
"575",-118.0019482,34.1442616
"576",-74.0120817,40.2203907
"577",-118.2436849,34.0522342
"578",-98.4936282,29.4241219
"579",-118.1445155,34.1477849
"580",-118.2436849,34.0522342
"581",-91.1871466,30.4514677
"582",-97.1466695,31.549333
"583",-118.2436849,34.0522342
"584",-118.2436849,34.0522342
"585",-118.2436849,34.0522342
"586",-118.2436849,34.0522342
"587",-95.9345034,41.2565369
"588",-118.2436849,34.0522342
"589",-90.0489801,35.1495343
"590",-118.2436849,34.0522342
"591",-118.2436849,34.0522342
"592",-118.2436849,34.0522342
"593",-94.7082951,37.8397626
"594",-118.2436849,34.0522342
"595",-118.2436849,34.0522342
"596",-118.2436849,34.0522342
"597",-92.8343294,33.5845581
"598",-118.2436849,34.0522342
"599",-83.0457538,42.331427
"600",-119.6981901,34.4208305
"601",-118.2436849,34.0522342
"602",-118.2436849,34.0522342
"603",-118.2436849,34.0522342
"604",-94.513281,37.0842271
"605",-99.9018131,31.9685988
"606",-118.2436849,34.0522342
"607",-87.6297982,41.8781136
"608",-87.6297982,41.8781136
"609",-118.1445155,34.1477849
"610",-118.2436849,34.0522342
"611",-98.4936282,29.4241219
"612",-118.2436849,34.0522342
"613",-118.2436849,34.0522342
"614",-104.6091409,38.2544472
"615",-118.1445155,34.1477849
"616",-96.7969879,32.7766642
"617",-118.2436849,34.0522342
"618",-118.2436849,34.0522342
"619",-118.2436849,34.0522342
"620",-118.2436849,34.0522342
"621",-92.2895948,34.7464809
"622",-83.0457538,42.331427
"623",-83.0457538,42.331427
"624",-94.513281,37.0842271
"625",-95.992775,36.1539816
"626",-85.6680863,42.9633599
"627",-118.2436849,34.0522342
"628",-122.4194155,37.7749295
"629",-107.2902839,43.0759678
"630",-90.0715323,29.9510658
"631",-95.3698028,29.7604267
"632",-87.6297982,41.8781136
"633",-84.3879824,33.7489954
"634",-95.992775,36.1539816
"635",-118.1445155,34.1477849
"636",-74.4056612,40.0583238
"637",-96.7969879,32.7766642
"638",-118.2436849,34.0522342
"639",-98.4936282,29.4241219
"640",-96.7969879,32.7766642
"641",-87.6297982,41.8781136
"642",-87.6297982,41.8781136
"643",-118.2436849,34.0522342
"644",-118.2436849,34.0522342
"645",-82.3337376,32.5973856
"646",-119.7871247,36.7377981
"647",-118.2436849,34.0522342
"648",-87.6876969,42.0450722
"649",-87.6297982,41.8781136
"650",-118.2436849,34.0522342
"651",-118.2436849,34.0522342
"652",-75.1652215,39.9525839
"653",-88.0817251,41.525031
"654",-104.990251,39.7392358
"655",-118.2436849,34.0522342
"656",-96.7969879,32.7766642
"657",-118.2436849,34.0522342
"658",-96.7969879,32.7766642
"659",-96.7969879,32.7766642
"660",-87.6297982,41.8781136
"661",-81.5157535,27.6648274
"662",-95.2352501,38.9716689
"663",-84.3879824,33.7489954
"664",-118.2436849,34.0522342
"665",-118.2436849,34.0522342
"666",-79.9958864,40.4406248
"667",-90.0715323,29.9510658
"668",-91.1871466,30.4514677
"669",-86.8103567,33.5185892
"670",-86.902298,32.3182314
"671",-118.2436849,34.0522342
"672",-118.2436849,34.0522342
"673",-97.3307658,32.7554883
"674",-96.7969879,32.7766642
"675",-118.2436849,34.0522342
"676",-74.4056612,40.0583238
"677",-77.6088465,43.1565779
"678",-118.2436849,34.0522342
"679",-118.2436849,34.0522342
"680",-81.6943605,41.49932
"681",-118.2436849,34.0522342
"682",-118.2436849,34.0522342
"683",-118.2436849,34.0522342
"684",-99.9018131,31.9685988
"685",-85.1393513,41.079273
"686",-118.2436849,34.0522342
"687",-118.2436849,34.0522342
"688",-104.990251,39.7392358
"689",-87.6297982,41.8781136
"690",-90.0715323,29.9510658
"691",-118.2436849,34.0522342
"692",-118.2436849,34.0522342
"693",-87.9064736,43.0389025
"694",-94.5785667,39.0997265
"695",-118.2436849,34.0522342
"696",-118.2436849,34.0522342
"697",-122.3320708,47.6062095
"698",-80.6495194,41.0997803
"699",-97.3307658,32.7554883
"700",-122.3320708,47.6062095
"701",-71.0588801,42.3600825
"702",-99.9018131,31.9685988
"703",-99.9018131,31.9685988
"704",-118.2436849,34.0522342
"705",-118.2436849,34.0522342
"706",-87.6297982,41.8781136
"707",-90.0715323,29.9510658
"708",-95.3698028,29.7604267
"709",-87.6297982,41.8781136
"710",-118.2436849,34.0522342
"711",-118.1937395,33.7700504
"712",-118.2436849,34.0522342
"713",-87.6297982,41.8781136
"714",-90.0715323,29.9510658
"715",-97.9297743,38.0608445
"716",-118.2436849,34.0522342
"717",-99.9018131,31.9685988
"718",-89.3985283,40.6331249
"719",-118.2436849,34.0522342
"720",-96.7969879,32.7766642
"721",-97.092877,35.0077519
"722",-118.2436849,34.0522342
"723",-118.2436849,34.0522342
"724",-118.2436849,34.0522342
"725",-118.2436849,34.0522342
"726",-118.2436849,34.0522342
"727",-118.2436849,34.0522342
"728",-118.2436849,34.0522342
"729",-118.2436849,34.0522342
"730",-118.2436849,34.0522342
"731",-86.8103567,33.5185892
"732",-118.2436849,34.0522342
"733",-83.0457538,42.331427
"734",-87.6297982,41.8781136
"735",-118.2436849,34.0522342
"736",-118.2436849,34.0522342
"737",-118.2436849,34.0522342
"738",-118.2436849,34.0522342
"739",-99.9018131,31.9685988
"740",-122.4194155,37.7749295
"741",-97.092877,35.0077519
"742",-75.1652215,39.9525839
"743",-92.2895948,34.7464809
"744",-95.9345034,41.2565369
"745",-95.3698028,29.7604267
"746",-83.0457538,42.331427
"747",-118.2436849,34.0522342
"748",-92.2895948,34.7464809
"749",-118.2436849,34.0522342
"750",-95.6751576,39.0473451
"751",-94.6267873,39.1155314
"752",-118.2436849,34.0522342
"753",-118.2436849,34.0522342
"754",-98.4936282,29.4241219
"755",-118.2436849,34.0522342
"756",-118.2436849,34.0522342
"757",-118.2436849,34.0522342
"758",-82.9987942,39.9611755
"759",-82.9987942,39.9611755
"760",-87.6297982,41.8781136
"761",-104.8213634,38.8338816
"762",-118.2436849,34.0522342
"763",-118.2436849,34.0522342
"764",-98.4936282,29.4241219
"765",-95.6751576,39.0473451
"766",-97.1466695,31.549333
"767",-93.6249593,41.5868353
"768",-95.3698028,29.7604267
"769",-87.6297982,41.8781136
"770",-94.513281,37.0842271
"771",-118.2436849,34.0522342
"772",-94.6267873,39.1155314
"773",-89.6662063,37.3822732
"774",-82.9987942,39.9611755
"775",-90.0715323,29.9510658
"776",-118.2436849,34.0522342
"777",-118.2436849,34.0522342
"778",-95.3698028,29.7604267
"779",-118.2436849,34.0522342
"780",-118.2436849,34.0522342
"781",-98.4933873,33.9137085
"782",-118.2436849,34.0522342
"783",-118.2436849,34.0522342
"784",-104.990251,39.7392358
"785",-90.0715323,29.9510658
"786",-118.2436849,34.0522342
"787",-82.9987942,39.9611755
"788",-94.5785667,39.0997265
"789",-118.2436849,34.0522342
"790",-93.939947,29.8849504
"791",-94.1265562,30.080174
"792",-118.2436849,34.0522342
"793",-87.6297982,41.8781136
"794",-118.2436849,34.0522342
"795",-95.3698028,29.7604267
"796",-118.2436849,34.0522342
"797",-96.7969879,32.7766642
"798",-118.2436849,34.0522342
"799",-118.2436849,34.0522342
"800",-95.9345034,41.2565369
"801",-97.7430608,30.267153
"802",-92.2895948,34.7464809
"803",-104.8213634,38.8338816
"804",-118.2436849,34.0522342
"805",-95.9808179,36.7473114
"806",-118.2436849,34.0522342
"807",-118.2436849,34.0522342
"808",-96.7969879,32.7766642
"809",-82.9987942,39.9611755
"810",-118.2436849,34.0522342
"811",-118.2436849,34.0522342
"812",-98.4936282,29.4241219
"813",-118.2436849,34.0522342
"814",-104.990251,39.7392358
"815",-118.2436849,34.0522342
"816",-97.092877,35.0077519
"817",-118.2436849,34.0522342
"818",-95.6751576,39.0473451
"819",-118.2436849,34.0522342
"820",-74.0059728,40.7127753
"821",-118.2436849,34.0522342
"822",-74.0059728,40.7127753
"823",-84.5555347,42.732535
"824",-83.0457538,42.331427
"825",-83.0457538,42.331427
"826",-74.4056612,40.0583238
"827",-96.7969879,32.7766642
"828",-96.9605608,33.396503
"829",-77.0368707,38.9071923
"830",-118.2436849,34.0522342
"831",-86.3077368,32.3792233
"832",-122.3320708,47.6062095
"833",-81.091203,32.0808989
"834",-118.2436849,34.0522342
"835",-98.4842465,39.011902
"836",-97.3307658,32.7554883
"837",-118.2436849,34.0522342
"838",-118.2436849,34.0522342
"839",-118.2436849,34.0522342
"840",-118.2436849,34.0522342
"841",-99.9018131,31.9685988
"842",-118.2436849,34.0522342
"843",-81.6943605,41.49932
"844",-118.1445155,34.1477849
"845",-118.2436849,34.0522342
"846",-118.2436849,34.0522342
"847",-96.6361153,34.4475921
"848",-81.655651,30.3321838
"849",-118.2436849,34.0522342
"850",-87.8611531,41.1200325
"851",-94.5785667,39.0997265
"852",-94.5785667,39.0997265
"853",-88.3845913,40.4636204
"854",-97.7130543,28.8833119
"855",-118.2436849,34.0522342
"856",-118.2436849,34.0522342
"857",-118.2436849,34.0522342
"858",-93.7501789,32.5251516
"859",-118.2436849,34.0522342
"860",-96.7025955,40.813616
"861",-96.7969879,32.7766642
"862",-118.2436849,34.0522342
"863",-93.0537839,34.1209292
"864",-118.2436849,34.0522342
"865",-97.342782,31.0982344
"866",-97.342782,31.0982344
"867",-118.2436849,34.0522342
"868",-118.2436849,34.0522342
"869",-118.2436849,34.0522342
"870",-88.703656,32.3643098
"871",-118.2436849,34.0522342
"872",-96.8808582,35.7017314
"873",-104.8213634,38.8338816
"874",-93.939947,29.8849504
"875",-118.2436849,34.0522342
"876",-118.2436849,34.0522342
"877",-94.5785667,39.0997265
"878",-122.3320708,47.6062095
"879",-98.4933873,33.9137085
"880",-84.3879824,33.7489954
"881",-118.2436849,34.0522342
"882",-118.2436849,34.0522342
"883",-118.2436849,34.0522342
"884",-94.5785667,39.0997265
"885",-118.2436849,34.0522342
"886",-97.1466695,31.549333
"887",-118.2436849,34.0522342
"888",-95.3698028,29.7604267
"889",-118.2436849,34.0522342
"890",-96.7969879,32.7766642
"891",-118.2436849,34.0522342
"892",-97.342782,31.0982344
"893",-96.7969879,32.7766642
"894",-94.5785667,39.0997265
"895",-118.2436849,34.0522342
"896",-118.2436849,34.0522342
"897",-118.2436849,34.0522342
"898",-118.2436849,34.0522342
"899",-118.2436849,34.0522342
"900",-118.2436849,34.0522342
"901",-118.2436849,34.0522342
"902",-97.342782,31.0982344
"903",-74.2090053,40.8259007
"904",-85.1410748,39.6411589
"905",-81.6943605,41.49932
"906",-95.6751576,39.0473451
"907",-98.4936282,29.4241219
"908",-90.877882,32.3526456
"909",-118.2436849,34.0522342
"910",-98.4936282,29.4241219
"911",-87.6297982,41.8781136
"912",-118.2436849,34.0522342
"913",-118.2436849,34.0522342
"914",-118.2436849,34.0522342
"915",-118.2436849,34.0522342
"916",-95.3698028,29.7604267
"917",-95.3698028,29.7604267
"918",-97.3307658,32.7554883
"919",-118.2436849,34.0522342
"920",-118.2436849,34.0522342
"921",-90.1994042,38.6270025
"922",-85.8241312,38.2856247
"923",-118.2436849,34.0522342
"924",-118.2436849,34.0522342
"925",-118.2436849,34.0522342
"926",-90.0715323,29.9510658
"927",-118.2436849,34.0522342
"928",-87.6297982,41.8781136
"929",-93.7501789,32.5251516
"930",-118.2436849,34.0522342
"931",-87.3371523,41.6020403
"932",-104.990251,39.7392358
"933",-118.2436849,34.0522342
"934",-94.5785667,39.0997265
"935",-118.2436849,34.0522342
"936",-94.1265562,30.080174
"937",-98.4936282,29.4241219
"938",-118.1445155,34.1477849
"939",-118.1445155,34.1477849
"940",-118.2436849,34.0522342
"941",-95.3698028,29.7604267
"942",-118.2436849,34.0522342
"943",-93.939947,29.8849504
"944",-69.4454689,45.253783
"945",-86.2519898,41.6763545
"946",-90.0489801,35.1495343
"947",-96.7969879,32.7766642
"948",-118.2436849,34.0522342
"949",-89.3985283,32.3546679
"950",-81.6943605,41.49932
"951",-93.7321228,32.5159852
"952",-84.3879824,33.7489954
"953",-118.2436849,34.0522342
"954",-82.5514869,35.5950581
"955",-87.6297982,41.8781136
"956",-87.6297982,41.8781136
"957",-118.2436849,34.0522342
"958",-87.6297982,41.8781136
"959",-85.5872286,42.2917069
"960",-118.2436849,34.0522342
"961",-118.2436849,34.0522342
"962",-96.7969879,32.7766642
"963",-92.3745761,30.2140928
"964",-118.2436849,34.0522342
"965",-118.2436849,34.0522342
"966",-118.2436849,34.0522342
"967",-89.3985283,32.3546679
"968",-97.3307658,32.7554883
"969",-118.2436849,34.0522342
"970",-89.3985283,32.3546679
"971",-118.2436849,34.0522342
"972",-118.2436849,34.0522342
"973",-118.2436849,34.0522342
"974",-118.2436849,34.0522342
"975",-118.2436849,34.0522342
"976",-118.2436849,34.0522342
"977",-118.2436849,34.0522342
"978",-118.2436849,34.0522342
"979",-95.3698028,29.7604267
"980",-98.4936282,29.4241219
"981",-109.9284084,31.4481547
"982",-84.3982763,39.5150576
"983",-118.2436849,34.0522342
"984",-118.2436849,34.0522342
"985",-118.2436849,34.0522342
"986",-98.4936282,29.4241219
"987",-118.2436849,34.0522342
"988",-83.8088171,39.9242266
"989",-118.2436849,34.0522342
"990",-73.9441579,40.6781784
"991",-81.5190053,41.0814447
"992",-95.6163665,37.0373005
"993",-96.7969879,32.7766642
"994",-118.2436849,34.0522342
"995",-118.2436849,34.0522342
"996",-118.2436849,34.0522342
"997",-83.0457538,42.331427
"998",-118.2436849,34.0522342
"999",-121.9166215,36.6177374
"1000",-71.0588801,42.3600825
"1001",-118.2436849,34.0522342
"1002",-82.9987942,39.9611755
"1003",-118.2436849,34.0522342
"1004",-118.2436849,34.0522342
"1005",-118.2436849,34.0522342
"1006",-119.7871247,36.7377981
"1007",-92.2895948,34.7464809
"1008",-97.330053,37.6871761
"1009",-104.6091409,38.2544472
"1010",-87.6297982,41.8781136
"1011",-104.8213634,38.8338816
"1012",-96.7969879,32.7766642
"1013",-90.1994042,38.6270025
"1014",-118.2436849,34.0522342
"1015",-118.2436849,34.0522342
"1016",-105.7820674,39.5500507
"1017",-90.4611995,30.5043583
"1018",-118.2436849,34.0522342
"1019",-115.5630514,32.792
"1020",-118.2436849,34.0522342
"1021",-87.6297982,41.8781136
"1022",-118.2436849,34.0522342
"1023",-118.2436849,34.0522342
"1024",-90.877882,32.3526456
"1025",-118.2436849,34.0522342
"1026",-94.5785667,39.0997265
"1027",-95.7697131,34.9334298
"1028",-118.1445155,34.1477849
"1029",-95.3698028,29.7604267
"1030",-118.2436849,34.0522342
"1031",-87.6297982,41.8781136
"1032",-90.0715323,29.9510658
"1033",-95.3698028,29.7604267
"1034",-95.3698028,29.7604267
"1035",-118.2436849,34.0522342
"1036",-93.2922989,37.2089572
"1037",-118.2436849,34.0522342
"1038",-118.1937395,33.7700504
"1039",-97.092877,35.0077519
"1040",-87.6297982,41.8781136
"1041",-99.9018131,31.9685988
"1042",-118.2436849,34.0522342
"1043",-118.2436849,34.0522342
"1044",-118.2436849,34.0522342
"1045",-118.2436849,34.0522342
"1046",-93.7501789,32.5251516
"1047",-97.342782,31.0982344
"1048",-94.7976958,29.3013479
"1049",-94.1265562,30.080174
"1050",-86.7816016,36.1626638
"1051",-86.7816016,36.1626638
"1052",-118.2436849,34.0522342
"1053",-118.2436849,34.0522342
"1054",-96.3977442,30.1668828
"1055",-118.2436849,34.0522342
"1056",-118.2436849,34.0522342
"1057",-118.2436849,34.0522342
"1058",-118.2436849,34.0522342
"1059",-95.992775,36.1539816
"1060",-74.0059728,40.7127753
"1061",-87.6297982,41.8781136
"1062",-118.2436849,34.0522342
"1063",-118.2436849,34.0522342
"1064",-81.6943605,41.49932
"1065",-118.2436849,34.0522342
"1066",-118.2436849,34.0522342
"1067",-95.3010624,32.3512601
"1068",-118.2436849,34.0522342
"1069",-118.2436849,34.0522342
"1070",-84.3879824,33.7489954
"1071",-118.2436849,34.0522342
"1072",-118.2436849,34.0522342
"1073",-122.4194155,37.7749295
"1074",-84.5120196,39.1031182
"1075",-95.3698028,29.7604267
"1076",-96.7025955,40.813616
"1077",-97.9614789,30.3530305
"1078",-95.3698028,29.7604267
"1079",-119.7871247,36.7377981
"1080",-118.2436849,34.0522342
"1081",-118.2436849,34.0522342
"1082",-118.2436849,34.0522342
"1083",-118.2436849,34.0522342
"1084",-118.2436849,34.0522342
"1085",-118.2436849,34.0522342
"1086",-87.6297982,41.8781136
"1087",-118.2436849,34.0522342
"1088",-118.2436849,34.0522342
"1089",-118.2436849,34.0522342
"1090",-99.5995671,37.2939132
"1091",-104.990251,39.7392358
"1092",-118.2436849,34.0522342
"1093",-118.2436849,34.0522342
"1094",-118.2436849,34.0522342
"1095",-118.2436849,34.0522342
"1096",-118.2436849,34.0522342
"1097",-97.3307658,32.7554883
"1098",-118.2436849,34.0522342
"1099",-118.2436849,34.0522342
"1100",-118.2436849,34.0522342
"1101",-118.2436849,34.0522342
"1102",-118.2436849,34.0522342
"1103",-118.2436849,34.0522342
"1104",-118.2436849,34.0522342
"1105",-82.5748194,27.4989278
"1106",-118.2436849,34.0522342
"1107",-117.7499909,34.055103
"1108",-92.1193012,32.5093109
"1109",-104.990251,39.7392358
"1110",-118.2436849,34.0522342
"1111",-97.3307658,32.7554883
"1112",-118.2436849,34.0522342
"1113",-122.3320708,47.6062095
"1114",-118.2436849,34.0522342
"1115",-118.2436849,34.0522342
"1116",-97.5164276,35.4675602
"1117",-96.7969879,32.7766642
"1118",-87.6297982,41.8781136
"1119",-94.0476882,33.425125
"1120",-74.0059728,40.7127753
"1121",-97.3307658,32.7554883
"1122",-94.5785667,39.0997265
"1123",-118.2436849,34.0522342
"1124",-118.2436849,34.0522342
"1125",-98.4936282,29.4241219
"1126",-118.2436849,34.0522342
"1127",-93.2922989,37.2089572
"1128",-93.2922989,37.2089572
"1129",-118.2436849,34.0522342
"1130",-118.2436849,34.0522342
"1131",-118.2436849,34.0522342
"1132",-118.2436849,34.0522342
"1133",-96.7969879,32.7766642
"1134",-106.650422,35.0843859
"1135",-118.2436849,34.0522342
"1136",-99.9018131,31.9685988
"1137",-118.2436849,34.0522342
"1138",-118.2436849,34.0522342
"1139",-118.2436849,34.0522342
"1140",-118.2436849,34.0522342
"1141",-118.2436849,34.0522342
"1142",-118.2436849,34.0522342
"1143",-95.7697131,34.9334298
"1144",-95.3698028,29.7604267
"1145",-87.6297982,41.8781136
"1146",-118.2436849,34.0522342
"1147",-77.6088465,43.1565779
"1148",-97.7430608,30.267153
"1149",-82.4571776,27.950575
"1150",-74.0059728,40.7127753
"1151",-95.3698028,29.7604267
"1152",-115.5630514,32.792
"1153",-94.3374199,32.1573841
"1154",-87.6297982,41.8781136
"1155",-118.2436849,34.0522342
"1156",-118.2436849,34.0522342
"1157",-97.1466695,31.549333
"1158",-85.7584557,38.2526647
"1159",-95.3698028,29.7604267
"1160",-118.2436849,34.0522342
"1161",-84.3879824,33.7489954
"1162",-95.992775,36.1539816
"1163",-118.2436849,34.0522342
"1164",-118.2436849,34.0522342
"1165",-118.2436849,34.0522342
"1166",-118.2436849,34.0522342
"1167",-89.3985283,40.6331249
"1168",-118.2436849,34.0522342
"1169",-118.2436849,34.0522342
"1170",-118.2436849,34.0522342
"1171",-86.8103567,33.5185892
"1172",-98.4936282,29.4241219
"1173",-94.3674184,32.5448714
"1174",-118.1445155,34.1477849
"1175",-96.7969879,32.7766642
"1176",-95.969402,28.9827565
"1177",-118.2436849,34.0522342
"1178",-94.3985475,35.3859242
"1179",-87.6297982,41.8781136
"1180",-87.6297982,41.8781136
"1181",-118.2436849,34.0522342
"1182",-112.0740373,33.4483771
"1183",-96.7969879,32.7766642
"1184",-73.087749,41.6032207
"1185",-118.2436849,34.0522342
"1186",-90.0715323,29.9510658
"1187",-118.2436849,34.0522342
"1188",-118.2436849,34.0522342
"1189",-118.2436849,34.0522342
"1190",-94.5785667,39.0997265
"1191",-94.5785667,39.0997265
"1192",-92.2895948,34.7464809
"1193",-118.2436849,34.0522342
"1194",-118.2436849,34.0522342
"1195",-118.2436849,34.0522342
"1196",-118.2436849,34.0522342
"1197",-104.990251,39.7392358
"1198",-96.7969879,32.7766642
"1199",-118.2436849,34.0522342
"1200",-118.2436849,34.0522342
"1201",-118.2436849,34.0522342
"1202",-118.2643567,33.7857948
"1203",-95.7211821,30.0770789
"1204",-95.3698028,29.7604267
"1205",-97.3307658,32.7554883
"1206",-95.3698028,29.7604267
"1207",-81.6943605,41.49932
"1208",-95.3698028,29.7604267
"1209",-118.2436849,34.0522342
"1210",-118.2436849,34.0522342
"1211",-118.2436849,34.0522342
"1212",-118.2436849,34.0522342
"1213",-118.2436849,34.0522342
"1214",-119.6981901,34.4208305
"1215",-96.7969879,32.7766642
"1216",-98.4936282,29.4241219
"1217",-118.2436849,34.0522342
"1218",-118.2436849,34.0522342
"1219",-98.9022898,32.7556768
"1220",-94.348268,35.436756
"1221",-118.2436849,34.0522342
"1222",-90.1994042,38.6270025
"1223",-118.2436849,34.0522342
"1224",-97.092877,35.0077519
"1225",-118.2436849,34.0522342
"1226",-95.3698028,29.7604267
"1227",-118.2436849,34.0522342
"1228",-92.0031955,34.2284312
"1229",-98.4936282,29.4241219
"1230",-93.0551795,34.5037004
"1231",-118.2436849,34.0522342
"1232",-118.2436849,34.0522342
"1233",-118.2436849,34.0522342
"1234",-118.2436849,34.0522342
"1235",-95.3010624,32.3512601
"1236",-96.7969879,32.7766642
"1237",-90.0489801,35.1495343
"1238",-83.0457538,42.331427
"1239",-74.0059728,40.7127753
"1240",-104.990251,39.7392358
"1241",-104.990251,39.7392358
"1242",-118.2436849,34.0522342
"1243",-93.7501789,32.5251516
"1244",-118.2436849,34.0522342
"1245",-97.330053,37.6871761
"1246",-103.5757399,31.8956823
"1247",-118.2436849,34.0522342
"1248",-122.2711137,37.8043637
"1249",-110.9747108,32.2226066
"1250",-92.6662674,33.20763
"1251",-96.7969879,32.7766642
"1252",-118.2436849,34.0522342
"1253",-118.2436849,34.0522342
"1254",-118.2436849,34.0522342
"1255",-118.2436849,34.0522342
"1256",-118.2436849,34.0522342
"1257",-94.6858998,46.729553
"1258",-118.2436849,34.0522342
"1259",-118.2436849,34.0522342
"1260",-118.2436849,34.0522342
"1261",-118.2436849,34.0522342
"1262",-118.2436849,34.0522342
"1263",-118.2436849,34.0522342
"1264",-86.1349019,40.2671941
"1265",-118.2436849,34.0522342
"1266",-118.2436849,34.0522342
"1267",-118.2436849,34.0522342
"1268",-118.2436849,34.0522342
"1269",-97.342782,31.0982344
"1270",-118.2436849,34.0522342
"1271",-118.2436849,34.0522342
"1272",-98.4933873,33.9137085
"1273",-74.0059728,40.7127753
"1274",-95.992775,36.1539816
"1275",-90.0489801,35.1495343
"1276",-96.7969879,32.7766642
"1277",-118.2436849,34.0522342
"1278",-118.1445155,34.1477849
"1279",-89.3856281,36.0345159
"1280",-86.8103567,33.5185892
"1281",-118.2436849,34.0522342
"1282",-90.1848103,32.2987573
"1283",-118.2436849,34.0522342
"1284",-74.0059728,40.7127753
"1285",-118.2436849,34.0522342
"1286",-95.992775,36.1539816
"1287",-118.2436849,34.0522342
"1288",-118.2436849,34.0522342
"1289",-118.2436849,34.0522342
"1290",-118.2436849,34.0522342
"1291",-118.2436849,34.0522342
"1292",-91.2842212,33.3314091
"1293",-95.7697131,34.9334298
"1294",-118.2436849,34.0522342
"1295",-118.2436849,34.0522342
"1296",-118.2436849,34.0522342
"1297",-122.2711137,37.8043637
"1298",-118.2436849,34.0522342
"1299",-95.3698028,29.7604267
"1300",-85.5872286,42.2917069
"1301",-96.7969879,32.7766642
"1302",-118.2436849,34.0522342
"1303",-118.2436849,34.0522342
"1304",-95.9345034,41.2565369
"1305",-95.3698028,29.7604267
"1306",-95.9345034,41.2565369
"1307",-118.2436849,34.0522342
"1308",-97.7430608,30.267153
"1309",-81.1637245,33.836081
"1310",-87.6297982,41.8781136
"1311",-81.6943605,41.49932
"1312",-118.2436849,34.0522342
"1313",-118.2436849,34.0522342
"1314",-118.2436849,34.0522342
"1315",-118.2436849,34.0522342
"1316",-118.2436849,34.0522342
"1317",-87.6297982,41.8781136
"1318",-118.2436849,34.0522342
"1319",-118.2436849,34.0522342
"1320",-118.2436849,34.0522342
"1321",-94.5785667,39.0997265
"1322",-94.5785667,39.0997265
"1323",-122.4194155,37.7749295
"1324",-87.6297982,41.8781136
"1325",-122.4194155,37.7749295
"1326",-92.6662674,33.20763
"1327",-90.4587081,31.1432328
"1328",-90.4587081,31.1432328
"1329",-87.6297982,41.8781136
"1330",-87.6297982,41.8781136
"1331",-118.2436849,34.0522342
"1332",-118.2436849,34.0522342
"1333",-118.2436849,34.0522342
"1334",-118.2436849,34.0522342
"1335",-118.2436849,34.0522342
"1336",-118.2436849,34.0522342
"1337",-118.2436849,34.0522342
"1338",-118.2436849,34.0522342
"1339",-118.2436849,34.0522342
"1340",-94.7404891,32.5007037
"1341",-118.2436849,34.0522342
"1342",-118.2436849,34.0522342
"1343",-90.1994042,38.6270025
"1344",-97.1466695,31.549333
"1345",-96.7969879,32.7766642
"1346",-97.5947685,35.9525431
"1347",-104.990251,39.7392358
"1348",-118.2436849,34.0522342
"1349",-118.2436849,34.0522342
"1350",-118.1445155,34.1477849
"1351",-97.1436254,34.1742611
"1352",-93.0899578,44.9537029
"1353",-118.2436849,34.0522342
"1354",-96.8483311,32.3865312
"1355",-97.3307658,32.7554883
"1356",-122.2711137,37.8043637
"1357",-118.2436849,34.0522342
"1358",-118.2436849,34.0522342
"1359",-74.0059728,40.7127753
"1360",-118.2436849,34.0522342
"1361",-118.2436849,34.0522342
"1362",-96.1141664,35.9987007
"1363",-82.9987942,39.9611755
"1364",-96.2752569,32.7359626
"1365",-94.6267873,39.1155314
"1366",-94.6267873,39.1155314
"1367",-118.2436849,34.0522342
"1368",-104.990251,39.7392358
"1369",-118.2436849,34.0522342
"1370",-112.0740373,33.4483771
"1371",-76.3452218,37.0298687
"1372",-87.6297982,41.8781136
"1373",-96.7969879,32.7766642
"1374",-118.2436849,34.0522342
"1375",-118.2436849,34.0522342
"1376",-118.2436849,34.0522342
"1377",-90.0715323,29.9510658
"1378",-80.1425781,39.4850848
"1379",-84.3879824,33.7489954
"1380",-118.1445155,34.1477849
"1381",-96.482203,31.6798895
"1382",-118.2436849,34.0522342
"1383",-118.2436849,34.0522342
"1384",-118.2436849,34.0522342
"1385",-118.2436849,34.0522342
"1386",-96.7969879,32.7766642
"1387",-93.0551795,34.5037004
"1388",-118.2436849,34.0522342
"1389",-87.6297982,41.8781136
"1390",-94.0476882,33.425125
"1391",-122.272747,37.8715926
"1392",-98.4933873,33.9137085
"1393",-118.2436849,34.0522342
"1394",-118.2436849,34.0522342
"1395",-118.2436849,34.0522342
"1396",-118.3516162,34.0760035
"1397",-118.2436849,34.0522342
"1398",-117.1610838,32.715738
"1399",-117.1610838,32.715738
"1400",-122.6793461,45.5154586
"1401",-118.2436849,34.0522342
"1402",-87.6297982,41.8781136
"1403",-118.2436849,34.0522342
"1404",-96.7969879,32.7766642
"1405",-95.9345034,41.2565369
"1406",-95.3698028,29.7604267
"1407",-95.3698028,29.7604267
"1408",-77.0368707,38.9071923
"1409",-118.2436849,34.0522342
"1410",-94.7976958,29.3013479
"1411",-96.7969879,32.7766642
"1412",-117.1825381,34.0555693
"1413",-118.2436849,34.0522342
"1414",-97.1466695,31.549333
"1415",-96.7969879,32.7766642
"1416",-118.2436849,34.0522342
"1417",-85.6680863,42.9633599
"1418",-118.2436849,34.0522342
"1419",-96.7969879,32.7766642
"1420",-87.6297982,41.8781136
"1421",-118.2436849,34.0522342
"1422",-118.2436849,34.0522342
"1423",-118.2436849,34.0522342
"1424",-94.846681,39.7674578
"1425",-86.8103567,33.5185892
"1426",-93.7501789,32.5251516
"1427",-74.0059728,40.7127753
"1428",-92.2895948,34.7464809
"1429",-86.158068,39.768403
"1430",-118.2436849,34.0522342
"1431",-95.3698028,29.7604267
"1432",-87.6297982,41.8781136
"1433",-94.5785667,39.0997265
"1434",-97.1466695,31.549333
"1435",-118.2436849,34.0522342
"1436",-87.6297982,41.8781136
"1437",-118.2436849,34.0522342
"1438",-74.0059728,40.7127753
"1439",-90.1848103,32.2987573
"1440",-94.5785667,39.0997265
"1441",-84.3879824,33.7489954
"1442",-95.3698028,29.7604267
"1443",-90.1848103,32.2987573
"1444",-118.2436849,34.0522342
"1445",-118.2436849,34.0522342
"1446",-96.7025955,40.813616
"1447",-95.6751576,39.0473451
"1448",-87.6297982,41.8781136
"1449",-84.1916069,39.7589478
"1450",-118.2436849,34.0522342
"1451",-118.2436849,34.0522342
"1452",-118.2436849,34.0522342
"1453",-118.2436849,34.0522342
"1454",-118.2436849,34.0522342
"1455",-118.2436849,34.0522342
"1456",-104.990251,39.7392358
"1457",-118.2436849,34.0522342
"1458",-116.5765035,53.9332706
"1459",-98.4936282,29.4241219
"1460",-84.1916069,39.7589478
"1461",-98.4936282,29.4241219
"1462",-118.2436849,34.0522342
"1463",-118.2436849,34.0522342
"1464",-118.2436849,34.0522342
"1465",-96.7969879,32.7766642
"1466",-96.7969879,32.7766642
"1467",-118.2436849,34.0522342
"1468",-90.0715323,29.9510658
"1469",-87.6297982,41.8781136
"1470",-90.0715323,29.9510658
"1471",-90.0715323,29.9510658
"1472",-118.2436849,34.0522342
"1473",-118.2436849,34.0522342
"1474",-95.3698028,29.7604267
"1475",-74.0059728,40.7127753
"1476",-93.2650108,44.977753
"1477",-93.2650108,44.977753
"1478",-95.9345034,41.2565369
"1479",-93.7501789,32.5251516
"1480",-118.2436849,34.0522342
"1481",-122.4194155,37.7749295
"1482",-118.2436849,34.0522342
"1483",-118.2436849,34.0522342
"1484",-118.2436849,34.0522342
"1485",-118.2436849,34.0522342
"1486",-118.2436849,34.0522342
"1487",-118.1445155,34.1477849
"1488",-118.1937395,33.7700504
"1489",-96.7969879,32.7766642
"1490",-118.1937395,33.7700504
"1491",-94.5785667,39.0997265
"1492",-96.7969879,32.7766642
"1493",-87.6297982,41.8781136
"1494",-74.0059728,40.7127753
"1495",-118.2436849,34.0522342
"1496",-118.2436849,34.0522342
"1497",-118.2436849,34.0522342
"1498",-118.2436849,34.0522342
"1499",-118.2436849,34.0522342
"1500",-118.3089661,34.1808392
"1501",-74.0059728,40.7127753
"1502",-118.2436849,34.0522342
"1503",-74.0059728,40.7127753
"1504",-94.5785667,39.0997265
"1505",-118.2436849,34.0522342
"1506",-118.2436849,34.0522342
"1507",-95.3698028,29.7604267
"1508",-118.2436849,34.0522342
"1509",-94.5785667,39.0997265
"1510",-118.2436849,34.0522342
"1511",-94.3674184,32.5448714
"1512",-94.3674184,32.5448714
"1513",-74.0059728,40.7127753
"1514",-85.3096801,35.0456297
"1515",-95.3010624,32.3512601
"1516",-98.4936282,29.4241219
"1517",-92.1087345,30.9526911
"1518",-98.4936282,29.4241219
"1519",-83.0457538,42.331427
"1520",-118.2436849,34.0522342
"1521",-118.2436849,34.0522342
"1522",-96.7025955,40.813616
"1523",-90.0715323,29.9510658
"1524",-118.2436849,34.0522342
"1525",-118.2436849,34.0522342
"1526",-118.2436849,34.0522342
"1527",-118.2436849,34.0522342
"1528",-97.3307658,32.7554883
"1529",-118.2436849,34.0522342
"1530",-96.7969879,32.7766642
"1531",-95.3698028,29.7604267
"1532",-118.2436849,34.0522342
"1533",-118.2436849,34.0522342
"1534",-118.2436849,34.0522342
"1535",-118.2436849,34.0522342
"1536",-118.2436849,34.0522342
"1537",-118.2436849,34.0522342
"1538",-95.992775,36.1539816
"1539",-118.2436849,34.0522342
"1540",-97.092877,35.0077519
"1541",-93.2173758,30.2265949
"1542",-118.2436849,34.0522342
"1543",-118.2436849,34.0522342
"1544",-118.2436849,34.0522342
"1545",-118.2436849,34.0522342
"1546",-104.990251,39.7392358
"1547",-118.2436849,34.0522342
"1548",-92.2895948,34.7464809
"1549",-118.2436849,34.0522342
"1550",-118.2436849,34.0522342
"1551",-90.0715323,29.9510658
"1552",-118.2436849,34.0522342
"1553",-98.4933873,33.9137085
"1554",-94.5785667,39.0997265
"1555",-96.7969879,32.7766642
"1556",-84.3879824,33.7489954
"1557",-94.2885306,33.4662328
"1558",-96.7969879,32.7766642
"1559",-96.7969879,32.7766642
"1560",-95.992775,36.1539816
"1561",-114.6141315,34.8480597
"1562",-118.2436849,34.0522342
"1563",-92.6662674,33.20763
"1564",-92.6662674,33.20763
"1565",-87.8447938,42.3636331
"1566",-118.2436849,34.0522342
"1567",-118.2436849,34.0522342
"1568",-118.2436849,34.0522342
"1569",-118.2436849,34.0522342
"1570",-118.2436849,34.0522342
"1571",-87.6876969,42.0450722
"1572",-95.3698028,29.7604267
"1573",-118.2436849,34.0522342
"1574",-118.2436849,34.0522342
"1575",-116.2155619,33.7205771
"1576",-92.8343294,33.5845581
"1577",-92.8343294,33.5845581
"1578",-122.3320708,47.6062095
"1579",-93.2173758,30.2265949
"1580",-78.0659155,36.5916234
"1581",-118.2436849,34.0522342
"1582",-118.2436849,34.0522342
"1583",-96.7969879,32.7766642
"1584",-97.5164276,35.4675602
"1585",-118.2436849,34.0522342
"1586",-118.2436849,34.0522342
"1587",-118.2436849,34.0522342
"1588",-118.2436849,34.0522342
"1589",-98.4936282,29.4241219
"1590",-118.2436849,34.0522342
"1591",-94.3674184,32.5448714
"1592",-122.6793461,45.5154586
"1593",-74.0059728,40.7127753
"1594",-122.3320708,47.6062095
"1595",-95.3698028,29.7604267
"1596",-118.2436849,34.0522342
"1597",-118.2436849,34.0522342
"1598",-118.2436849,34.0522342
"1599",-104.990251,39.7392358
"1600",-118.2436849,34.0522342
"1601",-95.3010624,32.3512601
"1602",-77.973865,37.3212714
"1603",-94.7976958,29.3013479
"1604",-95.3698028,29.7604267
"1605",-118.2436849,34.0522342
"1606",-94.5785667,39.0997265
"1607",-89.3985283,40.6331249
"1608",-118.2436849,34.0522342
"1609",-118.2436849,34.0522342
"1610",-86.3077368,32.3792233
"1611",-86.3077368,32.3792233
"1612",-94.5785667,39.0997265
"1613",-118.2436849,34.0522342
"1614",-96.3699632,30.6743643
"1615",-118.2436849,34.0522342
"1616",-96.1816626,38.403903
"1617",-96.1816626,38.403903
"1618",-101.8312969,35.2219971
"1619",-74.0059728,40.7127753
"1620",-94.3674184,32.5448714
"1621",-95.2705042,31.963778
"1622",-118.2436849,34.0522342
"1623",-91.1871466,30.4514677
"1624",-118.2436849,34.0522342
"1625",-118.2436849,34.0522342
"1626",-118.2436849,34.0522342
"1627",-93.939947,29.8849504
"1628",-74.0059728,40.7127753
"1629",-118.2436849,34.0522342
"1630",-118.2436849,34.0522342
"1631",-118.2436849,34.0522342
"1632",-118.2436849,34.0522342
"1633",-74.0059728,40.7127753
"1634",-95.3698028,29.7604267
"1635",-84.1916069,39.7589478
"1636",-118.2436849,34.0522342
"1637",-118.2436849,34.0522342
"1638",-117.2617329,33.890884
"1639",-118.2436849,34.0522342
"1640",-94.5785667,39.0997265
"1641",-106.4850217,31.7618778
"1642",-118.2436849,34.0522342
"1643",-118.2436849,34.0522342
"1644",-118.2436849,34.0522342
"1645",-93.7501789,32.5251516
"1646",-95.3698028,29.7604267
"1647",-86.158068,39.768403
"1648",-95.3698028,29.7604267
"1649",-93.0551795,34.5037004
"1650",-106.4850217,31.7618778
"1651",-74.0059728,40.7127753
"1652",-95.3698028,29.7604267
"1653",-118.2436849,34.0522342
"1654",-95.3698028,29.7604267
"1655",-71.0588801,42.3600825
"1656",-95.3698028,29.7604267
"1657",-94.5785667,39.0997265
"1658",-114.6276916,32.6926512
"1659",-97.3307658,32.7554883
"1660",-99.8028709,32.9453874
"1661",-118.2436849,34.0522342
"1662",-111.8910474,40.7607793
"1663",-111.8910474,40.7607793
"1664",-94.5785667,39.0997265
"1665",-118.2436849,34.0522342
"1666",-74.0059728,40.7127753
"1667",-87.6297982,41.8781136
"1668",-92.6662674,33.20763
"1669",-87.6297982,41.8781136
"1670",-74.0431435,40.7177545
"1671",-118.1445155,34.1477849
"1672",-118.2436849,34.0522342
"1673",-118.2436849,34.0522342
"1674",-118.1445155,34.1477849
"1675",-118.2436849,34.0522342
"1676",-118.2436849,34.0522342
"1677",-96.7969879,32.7766642
"1678",-118.2436849,34.0522342
"1679",-118.2436849,34.0522342
"1680",-104.990251,39.7392358
"1681",-87.6297982,41.8781136
"1682",-96.7969879,32.7766642
"1683",-118.2436849,34.0522342
"1684",-73.9441579,40.6781784
"1685",-90.0715323,29.9510658
"1686",-87.6297982,41.8781136
"1687",-86.8103567,33.5185892
"1688",-95.3698028,29.7604267
"1689",-118.2436849,34.0522342
"1690",-97.092877,35.0077519
"1691",-104.8213634,38.8338816
"1692",-87.6297982,41.8781136
"1693",-98.3959291,34.6035669
"1694",-100.8645576,32.3881745
"1695",-118.2436849,34.0522342
"1696",-92.4451371,31.3112936
"1697",-81.5157535,27.6648274
"1698",-95.3698028,29.7604267
"1699",-96.7969879,32.7766642
"1700",-96.7969879,32.7766642
"1701",-118.2436849,34.0522342
"1702",-96.7969879,32.7766642
"1703",-118.2436849,34.0522342
"1704",-74.0059728,40.7127753
"1705",-118.2436849,34.0522342
"1706",-84.1916069,39.7589478
"1707",-92.637927,32.5232053
"1708",-118.2436849,34.0522342
"1709",-95.3698028,29.7604267
"1710",-90.0139908,29.9220105
"1711",-119.6981901,34.4208305
"1712",-92.637927,32.5232053
"1713",-97.3307658,32.7554883
"1714",-118.2436849,34.0522342
"1715",-95.3698028,29.7604267
"1716",-99.9018131,31.9685988
"1717",-118.2436849,34.0522342
"1718",-118.2436849,34.0522342
"1719",-117.3754942,33.9806005
"1720",-96.3977442,30.1668828
"1721",-74.0059728,40.7127753
"1722",-73.9726381,40.8928771
"1723",-93.7501789,32.5251516
"1724",-97.1466695,31.549333
"1725",-122.4194155,37.7749295
"1726",-81.0348144,34.0007104
"1727",-87.6297982,41.8781136
"1728",-118.2436849,34.0522342
"1729",-97.5164276,35.4675602
"1730",-93.7501789,32.5251516
"1731",-118.2436849,34.0522342
"1732",-118.4911912,34.0194543
"1733",-97.7430608,30.267153
"1734",-88.5025485,38.772269
"1735",-96.9716887,32.8531661
"1736",-80.8431267,35.2270869
"1737",-119.6981901,34.4208305
"1738",-118.2436849,34.0522342
"1739",-97.647498,29.6805066
"1740",-92.2895948,34.7464809
"1741",-118.2436849,34.0522342
"1742",-118.2436849,34.0522342
"1743",-95.3698028,29.7604267
"1744",-93.4657301,31.4937872
"1745",-94.3985475,35.3859242
"1746",-118.2436849,34.0522342
"1747",-95.3010624,32.3512601
"1748",-95.3010624,32.3512601
"1749",-74.0059728,40.7127753
"1750",-97.396381,27.8005828
"1751",-103.1360403,32.7026116
"1752",-89.3985283,40.6331249
"1753",-118.2436849,34.0522342
"1754",-94.1265562,30.080174
"1755",-122.2711137,37.8043637
"1756",-83.0457538,42.331427
"1757",-84.1916069,39.7589478
"1758",-80.244216,36.0998596
"1759",-118.2436849,34.0522342
"1760",-84.3879824,33.7489954
"1761",-91.9479586,38.8467082
"1762",-94.7976958,29.3013479
"1763",-96.3977442,30.1668828
"1764",-87.6297982,41.8781136
"1765",-95.3698028,29.7604267
"1766",-118.2436849,34.0522342
"1767",-73.9441579,40.6781784
"1768",-87.6297982,41.8781136
"1769",-84.3879824,33.7489954
"1770",-97.5164276,35.4675602
"1771",-95.9345034,41.2565369
"1772",-118.2436849,34.0522342
"1773",-74.0059728,40.7127753
"1774",-93.2173758,30.2265949
"1775",-84.3879824,33.7489954
"1776",-88.9414538,35.9806239
"1777",-118.2436849,34.0522342
"1778",-87.6297982,41.8781136
"1779",-89.6501481,39.7817213
"1780",-118.2436849,34.0522342
"1781",-118.2436849,34.0522342
"1782",-85.173328,42.2628806
"1783",-118.2436849,34.0522342
"1784",-96.4688727,32.0954304
"1785",-93.055718,32.7918133
"1786",-74.0059728,40.7127753
"1787",-118.2436849,34.0522342
"1788",-98.4936282,29.4241219
"1789",-118.2436849,34.0522342
"1790",-96.7969879,32.7766642
"1791",-89.0550624,33.1237377
"1792",-118.2436849,34.0522342
"1793",-91.9479586,38.8467082
"1794",-119.6981901,34.4208305
"1795",-83.5378674,41.6528052
"1796",-94.5785667,39.0997265
"1797",-118.2436849,34.0522342
"1798",-84.1916069,39.7589478
"1799",-94.6267873,39.1155314
"1800",-90.5900273,34.5291253
"1801",-118.2436849,34.0522342
"1802",-118.2436849,34.0522342
"1803",-90.0715323,29.9510658
"1804",-117.1610838,32.715738
"1805",-118.2436849,34.0522342
"1806",-118.2436849,34.0522342
"1807",-118.2436849,34.0522342
"1808",-75.1652215,39.9525839
"1809",-118.2436849,34.0522342
"1810",-118.2436849,34.0522342
"1811",-96.7969879,32.7766642
"1812",-93.7501789,32.5251516
"1813",-71.3824374,42.4072107
"1814",-87.6297982,41.8781136
"1815",-98.4936282,29.4241219
"1816",-95.6751576,39.0473451
"1817",-118.2436849,34.0522342
"1818",-87.6297982,41.8781136
"1819",-87.3371523,41.6020403
"1820",-118.2436849,34.0522342
"1821",-95.6751576,39.0473451
"1822",-84.9877094,32.4609764
"1823",-95.3698028,29.7604267
"1824",-80.1917902,25.7616798
"1825",-118.2436849,34.0522342
"1826",-81.6943605,41.49932
"1827",-86.5804473,35.5174913
"1828",-90.0368941,40.5888913
"1829",-86.1122071,35.1859163
"1830",-82.9987942,39.9611755
"1831",-118.2436849,34.0522342
"1832",-98.4936282,29.4241219
"1833",-94.846681,39.7674578
"1834",-75.3557457,39.849557
"1835",-95.992775,36.1539816
"1836",-104.990251,39.7392358
"1837",-81.6943605,41.49932
"1838",-106.650422,35.0843859
"1839",-118.2436849,34.0522342
"1840",-118.2436849,34.0522342
"1841",-118.2436849,34.0522342
"1842",-118.2436849,34.0522342
"1843",-97.5164276,35.4675602
"1844",-74.0059728,40.7127753
"1845",-94.3674184,32.5448714
"1846",-118.2436849,34.0522342
"1847",-118.2436849,34.0522342
"1848",-83.0457538,42.331427
"1849",-118.2436849,34.0522342
"1850",-98.4936282,29.4241219
"1851",-118.2436849,34.0522342
"1852",-118.2436849,34.0522342
"1853",-78.6568942,37.4315734
"1854",-118.2436849,34.0522342
"1855",-95.992775,36.1539816
"1856",-118.2436849,34.0522342
"1857",-118.2436849,34.0522342
"1858",-90.0368941,40.5888913
"1859",-74.0059728,40.7127753
"1860",-118.2436849,34.0522342
"1861",-92.317864,43.0592724
"1862",-118.2436849,34.0522342
"1863",-87.3371523,41.6020403
"1864",-118.2436849,34.0522342
"1865",-90.877882,32.3526456
"1866",-90.0715323,29.9510658
"1867",-74.0059728,40.7127753
"1868",-118.2436849,34.0522342
"1869",-94.0476882,33.425125
"1870",-96.7969879,32.7766642
"1871",-93.2650108,44.977753
"1872",-94.0476882,33.425125
"1873",-89.3985283,32.3546679
"1874",-118.2436849,34.0522342
"1875",-84.3879824,33.7489954
"1876",-118.2436849,34.0522342
"1877",-118.2436849,34.0522342
"1878",-77.6088465,43.1565779
"1879",-118.2436849,34.0522342
"1880",-118.2436849,34.0522342
"1881",-79.9958864,40.4406248
"1882",-118.2436849,34.0522342
"1883",-74.0059728,40.7127753
"1884",-118.2436849,34.0522342
"1885",-95.3698028,29.7604267
"1886",-90.0715323,29.9510658
"1887",-118.2436849,34.0522342
"1888",-98.4936282,29.4241219
"1889",-95.992775,36.1539816
"1890",-79.0192997,35.7595731
"1891",-118.2436849,34.0522342
"1892",-117.1610838,32.715738
"1893",-93.7501789,32.5251516
"1894",-118.2436849,34.0522342
"1895",-87.3371523,41.6020403
"1896",-74.0059728,40.7127753
"1897",-90.0715323,29.9510658
"1898",-90.0715323,29.9510658
"1899",-118.2436849,34.0522342
"1900",-81.1637245,33.836081
"1901",-98.4936282,29.4241219
"1902",-96.7969879,32.7766642
"1903",-73.9726381,40.8928771
"1904",-93.7501789,32.5251516
"1905",-79.9958864,40.4406248
"1906",-92.1193012,32.5093109
"1907",-95.3698028,29.7604267
"1908",-94.4154787,33.4598415
"1909",-118.2436849,34.0522342
"1910",-87.6297982,41.8781136
"1911",-118.2436849,34.0522342
"1912",-104.990251,39.7392358
"1913",-118.2436849,34.0522342
"1914",-87.6297982,41.8781136
"1915",-83.0457538,42.331427
"1916",-75.1652215,39.9525839
"1917",-118.2436849,34.0522342
"1918",-118.2436849,34.0522342
"1919",-95.3698028,29.7604267
"1920",-118.2436849,34.0522342
"1921",-96.7969879,32.7766642
"1922",-75.1652215,39.9525839
"1923",-117.3754942,33.9806005
"1924",-118.2436849,34.0522342
"1925",-87.6297982,41.8781136
"1926",-117.3754942,33.9806005
"1927",-94.513281,37.0842271
"1928",-94.513281,37.0842271
"1929",-87.6297982,41.8781136
"1930",-118.2436849,34.0522342
"1931",-95.3698028,29.7604267
"1932",-96.7969879,32.7766642
"1933",-74.0059728,40.7127753
"1934",-70.2568189,43.6590993
"1935",-87.6297982,41.8781136
"1936",-75.1652215,39.9525839
"1937",-87.6297982,41.8781136
"1938",-90.1994042,38.6270025
"1939",-89.6662063,37.3822732
"1940",-94.5785667,39.0997265
"1941",-97.7430608,30.267153
"1942",-87.3371523,41.6020403
"1943",-85.3096801,35.0456297
"1944",-118.2436849,34.0522342
"1945",-118.2436849,34.0522342
"1946",-87.6297982,41.8781136
"1947",-118.2436849,34.0522342
"1948",-74.0059728,40.7127753
"1949",-87.6297982,41.8781136
"1950",-90.0715323,29.9510658
"1951",-90.0715323,29.9510658
"1952",-118.2436849,34.0522342
"1953",-97.092877,35.0077519
"1954",-77.4019267,37.2279279
"1955",-94.513281,37.0842271
"1956",-81.6943605,41.49932
"1957",-93.7501789,32.5251516
"1958",-97.3307658,32.7554883
"1959",-118.2436849,34.0522342
"1960",-96.3977442,30.1668828
"1961",-87.6297982,41.8781136
"1962",-87.6297982,41.8781136
"1963",-118.2436849,34.0522342
"1964",-96.7969879,32.7766642
"1965",-122.4194155,37.7749295
"1966",-92.4451371,31.3112936
"1967",-90.0715323,29.9510658
"1968",-90.0715323,29.9510658
"1969",-110.9747108,32.2226066
"1970",-94.7719043,37.3100548
"1971",-89.3985283,32.3546679
"1972",-118.2436849,34.0522342
"1973",-93.0551795,34.5037004
"1974",-98.4936282,29.4241219
"1975",-95.3698028,29.7604267
"1976",-96.7969879,32.7766642
"1977",-104.8213634,38.8338816
"1978",-74.0059728,40.7127753
"1979",-90.1994042,38.6270025
"1980",-92.4451371,31.3112936
"1981",-96.7969879,32.7766642
"1982",-118.2436849,34.0522342
"1983",-118.2436849,34.0522342
"1984",-86.158068,39.768403
"1985",-87.6297982,41.8781136
"1986",-118.2436849,34.0522342
"1987",-86.158068,39.768403
"1988",-86.158068,39.768403
"1989",-86.158068,39.768403
"1990",-95.992775,36.1539816
"1991",-118.2436849,34.0522342
"1992",-118.2436849,34.0522342
"1993",-118.2436849,34.0522342
"1994",-92.2895948,34.7464809
"1995",-94.5785667,39.0997265
"1996",-118.2436849,34.0522342
"1997",-95.3698028,29.7604267
"1998",-118.2436849,34.0522342
"1999",-118.2436849,34.0522342
"2000",-84.1916069,39.7589478
"2001",-118.2436849,34.0522342
"2002",-117.1610838,32.715738
"2003",-118.2436849,34.0522342
"2004",-95.3698028,29.7604267
"2005",-119.4179324,36.778261
"2006",-118.2436849,34.0522342
"2007",-84.9877094,32.4609764
"2008",-96.7969879,32.7766642
"2009",-85.5872286,42.2917069
"2010",-119.6981901,34.4208305
"2011",-118.2436849,34.0522342
"2012",-118.2436849,34.0522342
"2013",-118.2436849,34.0522342
"2014",-118.2436849,34.0522342
"2015",-97.092877,35.0077519
"2016",-118.2436849,34.0522342
"2017",-118.2436849,34.0522342
"2018",-118.2436849,34.0522342
"2019",-95.3698028,29.7604267
"2020",-118.2436849,34.0522342
"2021",-118.2436849,34.0522342
"2022",-118.2436849,34.0522342
"2023",-94.6267873,39.1155314
"2024",-90.0715323,29.9510658
"2025",-118.1270146,34.095287
"2026",-118.2436849,34.0522342
"2027",-118.2436849,34.0522342
"2028",-118.2436849,34.0522342
"2029",-87.6297982,41.8781136
"2030",-118.2436849,34.0522342
"2031",-118.2436849,34.0522342
"2032",-97.3307658,32.7554883
"2033",-118.2436849,34.0522342
"2034",-97.092877,35.0077519
"2035",-97.3307658,32.7554883
"2036",-83.0457538,42.331427
"2037",-118.2436849,34.0522342
"2038",-118.2436849,34.0522342
"2039",-83.5378674,41.6528052
"2040",-118.2922461,33.7360619
"2041",-119.6981901,34.4208305
"2042",-97.195588,35.6617259
"2043",-87.6297982,41.8781136
"2044",-118.2436849,34.0522342
"2045",-97.3307658,32.7554883
"2046",-96.7969879,32.7766642
"2047",-108.5006904,45.7832856
"2048",-118.2436849,34.0522342
"2049",-94.6267873,39.1155314
"2050",-80.1425781,39.4850848
"2051",-118.2436849,34.0522342
"2052",-89.3985283,32.3546679
"2053",-118.2436849,34.0522342
"2054",-85.1646726,34.257038
"2055",-117.1610838,32.715738
"2056",-112.0740373,33.4483771
"2057",-118.2436849,34.0522342
"2058",-118.2436849,34.0522342
"2059",-87.6297982,41.8781136
"2060",-89.3985283,32.3546679
"2061",-77.0368707,38.9071923
"2062",-99.9018131,31.9685988
"2063",-95.3698028,29.7604267
"2064",-122.2711137,37.8043637
"2065",-118.2436849,34.0522342
"2066",-98.4936282,29.4241219
"2067",-79.9958864,40.4406248
"2068",-82.9987942,39.9611755
"2069",-118.2436849,34.0522342
"2070",-81.6943605,41.49932
"2071",-118.2436849,34.0522342
"2072",-118.2436849,34.0522342
"2073",-82.2173786,41.2939386
"2074",-84.2700179,37.8393332
"2075",-118.2436849,34.0522342
"2076",-118.2436849,34.0522342
"2077",-94.5785667,39.0997265
"2078",-118.2436849,34.0522342
"2079",-118.2436849,34.0522342
"2080",-118.2436849,34.0522342
"2081",-87.6297982,41.8781136
"2082",-118.2436849,34.0522342
"2083",-74.0059728,40.7127753
"2084",-96.7969879,32.7766642
"2085",-118.2436849,34.0522342
"2086",-73.9441579,40.6781784
"2087",-118.2436849,34.0522342
"2088",-95.3698028,29.7604267
"2089",-118.2436849,34.0522342
"2090",-118.2436849,34.0522342
"2091",-74.0059728,40.7127753
"2092",-118.2436849,34.0522342
"2093",-96.7969879,32.7766642
"2094",-118.2436849,34.0522342
"2095",-77.1945247,41.2033216
"2096",-118.2436849,34.0522342
"2097",-118.2436849,34.0522342
"2098",-118.2436849,34.0522342
"2099",-90.0715323,29.9510658
"2100",-98.4936282,29.4241219
"2101",-118.2436849,34.0522342
"2102",-96.7969879,32.7766642
"2103",-81.6943605,41.49932
"2104",-105.8700901,34.5199402
"2105",-118.2436849,34.0522342
"2106",-118.2436849,34.0522342
"2107",-119.4179324,36.778261
"2108",-122.2711137,37.8043637
"2109",-118.2436849,34.0522342
"2110",-119.6981901,34.4208305
"2111",-87.6297982,41.8781136
"2112",-78.6568942,37.4315734
"2113",-118.2436849,34.0522342
"2114",-90.0715323,29.9510658
"2115",-84.1916069,39.7589478
"2116",-118.2436849,34.0522342
"2117",-92.6662674,33.20763
"2118",-95.992775,36.1539816
"2119",-78.898619,35.9940329
"2120",-97.3307658,32.7554883
"2121",-98.4936282,29.4241219
"2122",-93.2868354,32.6154278
"2123",-87.6297982,41.8781136
"2124",-87.523434,33.1748369
"2125",-118.2436849,34.0522342
"2126",-118.2436849,34.0522342
"2127",-93.2173758,30.2265949
"2128",-118.2436849,34.0522342
"2129",-118.2436849,34.0522342
"2130",-118.2436849,34.0522342
"2131",-118.2436849,34.0522342
"2132",-118.2436849,34.0522342
"2133",-118.2436849,34.0522342
"2134",-118.2436849,34.0522342
"2135",-118.2436849,34.0522342
"2136",-118.2436849,34.0522342
"2137",-118.2436849,34.0522342
"2138",-118.2436849,34.0522342
"2139",-118.2436849,34.0522342
"2140",-118.2436849,34.0522342
"2141",-118.2436849,34.0522342
"2142",-118.2436849,34.0522342
"2143",-118.2436849,34.0522342
"2144",-118.2436849,34.0522342
"2145",-83.0457538,42.331427
"2146",-96.7969879,32.7766642
"2147",-80.1917902,25.7616798
"2148",-118.2436849,34.0522342
"2149",-95.3698028,29.7604267
"2150",-95.3698028,29.7604267
"2151",-83.0457538,42.331427
"2152",-90.0715323,29.9510658
"2153",-105.7820674,39.5500507
"2154",-95.3698028,29.7604267
"2155",-118.2436849,34.0522342
"2156",-86.1122071,35.1859163
"2157",-94.5785667,39.0997265
"2158",-117.1610838,32.715738
"2159",-94.3674184,32.5448714
"2160",-117.1610838,32.715738
"2161",-118.2436849,34.0522342
"2162",-118.2436849,34.0522342
"2163",-96.1108066,33.1384488
"2164",-96.7969879,32.7766642
"2165",-118.2436849,34.0522342
"2166",-96.1863927,35.3970366
"2167",-95.3698028,29.7604267
"2168",-87.6297982,41.8781136
"2169",-118.2436849,34.0522342
"2170",-118.2436849,34.0522342
"2171",-94.5785667,39.0997265
"2172",-95.3698028,29.7604267
"2173",-90.4611995,30.5043583
"2174",-96.3699632,30.6743643
"2175",-86.158068,39.768403
"2176",-118.2436849,34.0522342
"2177",-118.2436849,34.0522342
"2178",-118.2436849,34.0522342
"2179",-118.2436849,34.0522342
"2180",-87.6297982,41.8781136
"2181",-97.8783911,36.3955891
"2182",-90.0489801,35.1495343
"2183",-95.3010624,32.3512601
"2184",-90.4611995,30.5043583
"2185",-90.0715323,29.9510658
"2186",-72.589811,42.1014831
"2187",-97.1436254,34.1742611
"2188",-98.4936282,29.4241219
"2189",-118.2436849,34.0522342
"2190",-118.2436849,34.0522342
"2191",-118.2436849,34.0522342
"2192",-96.7969879,32.7766642
"2193",-104.990251,39.7392358
"2194",-90.0715323,29.9510658
"2195",-118.2436849,34.0522342
"2196",-118.2436849,34.0522342
"2197",-95.6751576,39.0473451
"2198",-76.6121893,39.2903848
"2199",-118.2436849,34.0522342
"2200",-118.2436849,34.0522342
"2201",-87.6297982,41.8781136
"2202",-74.5240422,39.3898388
"2203",-118.2436849,34.0522342
"2204",-74.0059728,40.7127753
"2205",-74.0059728,40.7127753
"2206",-122.4194155,37.7749295
"2207",-83.0457538,42.331427
"2208",-118.2436849,34.0522342
"2209",-95.992775,36.1539816
"2210",-90.1994042,38.6270025
"2211",-90.1994042,38.6270025
"2212",-80.4549026,38.5976262
"2213",-95.3698028,29.7604267
"2214",-118.2436849,34.0522342
"2215",-94.0476882,33.425125
"2216",-118.2436849,34.0522342
"2217",-118.2436849,34.0522342
"2218",-96.7969879,32.7766642
"2219",-118.2436849,34.0522342
"2220",-95.9345034,41.2565369
"2221",-118.2436849,34.0522342
"2222",-87.6297982,41.8781136
"2223",-95.6751576,39.0473451
"2224",-96.7969879,32.7766642
"2225",-118.2436849,34.0522342
"2226",-118.2436849,34.0522342
"2227",-92.2895948,34.7464809
"2228",-83.0457538,42.331427
"2229",-83.0457538,42.331427
"2230",-97.7430608,30.267153
"2231",-97.3307658,32.7554883
"2232",-118.2436849,34.0522342
"2233",-118.2436849,34.0522342
"2234",-87.6297982,41.8781136
"2235",-118.2436849,34.0522342
"2236",-118.2436849,34.0522342
"2237",-94.5785667,39.0997265
"2238",-95.3698028,29.7604267
"2239",-118.2436849,34.0522342
"2240",-96.7969879,32.7766642
"2241",-118.2436849,34.0522342
"2242",-97.7430608,30.267153
"2243",-118.2436849,34.0522342
"2244",-89.5150764,35.228976
"2245",-94.5785667,39.0997265
"2246",-91.2995551,31.104619
"2247",-118.2436849,34.0522342
"2248",-99.9018131,31.9685988
"2249",-87.6297982,41.8781136
"2250",-95.3698028,29.7604267
"2251",-118.2436849,34.0522342
"2252",-118.2436849,34.0522342
"2253",-87.6297982,41.8781136
"2254",-96.7969879,32.7766642
"2255",-118.2436849,34.0522342
"2256",-118.2436849,34.0522342
"2257",-117.1610838,32.715738
"2258",-87.6297982,41.8781136
"2259",-118.2436849,34.0522342
"2260",-98.4936282,29.4241219
"2261",-84.8902382,39.8289369
"2262",-149.4936733,64.2008413
"2263",-96.7969879,32.7766642
"2264",-118.2436849,34.0522342
"2265",-118.2436849,34.0522342
"2266",-118.2436849,34.0522342
"2267",-118.2436849,34.0522342
"2268",-94.6267873,39.1155314
"2269",-118.2436849,34.0522342
"2270",-95.3698028,29.7604267
"2271",-118.2436849,34.0522342
"2272",-118.2436849,34.0522342
"2273",-90.1994042,38.6270025
"2274",-118.2436849,34.0522342
"2275",-118.2436849,34.0522342
"2276",-90.0715323,29.9510658
"2277",-118.2436849,34.0522342
"2278",-118.2436849,34.0522342
"2279",-118.2436849,34.0522342
"2280",-94.846681,39.7674578
"2281",-95.6751576,39.0473451
"2282",-118.2436849,34.0522342
"2283",-118.2436849,34.0522342
"2284",-118.2436849,34.0522342
"2285",-74.0059728,40.7127753
"2286",-118.2436849,34.0522342
"2287",-118.2436849,34.0522342
"2288",-87.6297982,41.8781136
"2289",-92.1193012,32.5093109
"2290",-92.081509,30.5335302
"2291",-92.1193012,32.5093109
"2292",-118.2436849,34.0522342
"2293",-118.2436849,34.0522342
"2294",-117.1610838,32.715738
"2295",-118.2436849,34.0522342
"2296",-86.0549863,39.4806055
"2297",-95.9345034,41.2565369
"2298",-95.9345034,41.2565369
"2299",-92.1193012,32.5093109
"2300",-92.1193012,32.5093109
"2301",-97.3307658,32.7554883
"2302",-90.0715323,29.9510658
"2303",-84.5120196,39.1031182
"2304",-118.2436849,34.0522342
"2305",-118.2436849,34.0522342
"2306",-118.2436849,34.0522342
"2307",-89.3985283,32.3546679
"2308",-119.0187125,35.3732921
"2309",-118.2436849,34.0522342
"2310",-118.2436849,34.0522342
"2311",-97.5164276,35.4675602
"2312",-122.4194155,37.7749295
"2313",-118.2436849,34.0522342
"2314",-118.2436849,34.0522342
"2315",-87.6297982,41.8781136
"2316",-97.330053,37.6871761
"2317",-118.2436849,34.0522342
"2318",-93.7501789,32.5251516
"2319",-93.2282613,38.7044609
"2320",-87.6297982,41.8781136
"2321",-118.2436849,34.0522342
"2322",-94.5785667,39.0997265
"2323",-118.2436849,34.0522342
"2324",-118.2436849,34.0522342
"2325",-118.2436849,34.0522342
"2326",-95.9345034,41.2565369
"2327",-95.3698028,29.7604267
"2328",-118.2436849,34.0522342
"2329",-74.0059728,40.7127753
"2330",-95.8085623,29.5571825
"2331",-118.2436849,34.0522342
"2332",-94.5785667,39.0997265
"2333",-122.2711137,37.8043637
"2334",-94.5785667,39.0997265
"2335",-94.513281,37.0842271
"2336",-94.513281,37.0842271
"2337",-122.2711137,37.8043637
"2338",-94.513281,37.0842271
"2339",-93.0551795,34.5037004
"2340",-118.2436849,34.0522342
"2341",-118.2436849,34.0522342
"2342",-104.8213634,38.8338816
"2343",-118.2436849,34.0522342
"2344",-77.0368707,38.9071923
"2345",-118.2436849,34.0522342
"2346",-118.2436849,34.0522342
"2347",-104.8213634,38.8338816
"2348",-85.6023643,44.3148443
"2349",-93.0537839,34.1209292
"2350",-90.1994042,38.6270025
"2351",-118.2436849,34.0522342
"2352",-83.0457538,42.331427
"2353",-93.3810057,33.8026107
"2354",-118.2436849,34.0522342
"2355",-118.2436849,34.0522342
"2356",-118.2436849,34.0522342
"2357",-122.2711137,37.8043637
"2358",-97.5164276,35.4675602
"2359",-117.1610838,32.715738
"2360",-118.2436849,34.0522342
"2361",-118.2436849,34.0522342
"2362",-98.4936282,29.4241219
"2363",-118.2436849,34.0522342
"2364",-74.0059728,40.7127753
"2365",-118.2436849,34.0522342
"2366",-118.2436849,34.0522342
"2367",-122.272747,37.8715926
"2368",-82.907123,40.4172871
"2369",-118.2436849,34.0522342
"2370",-118.2436849,34.0522342
"2371",-98.4936282,29.4241219
"2372",-110.9747108,32.2226066
"2373",-96.7969879,32.7766642
"2374",-87.6297982,41.8781136
"2375",-87.6297982,41.8781136
"2376",-90.0715323,29.9510658
"2377",-118.2436849,34.0522342
"2378",-118.2436849,34.0522342
"2379",-117.4260465,47.6587802
"2380",-94.1265562,30.080174
"2381",-96.1108066,33.1384488
"2382",-118.2436849,34.0522342
"2383",-82.907123,40.4172871
"2384",-118.2436849,34.0522342
"2385",-118.2436849,34.0522342
"2386",-118.2436849,34.0522342
"2387",-76.2858726,36.8507689
"2388",-118.2436849,34.0522342
"2389",-118.2436849,34.0522342
"2390",-118.2436849,34.0522342
"2391",-117.2897652,34.1083449
"2392",-95.3698028,29.7604267
"2393",-95.992775,36.1539816
"2394",-118.2436849,34.0522342
"2395",-117.2897652,34.1083449
"2396",-118.2436849,34.0522342
"2397",-118.2436849,34.0522342
"2398",-97.5164276,35.4675602
"2399",-95.3698028,29.7604267
"2400",-95.3698028,29.7604267
"2401",-122.3320708,47.6062095
"2402",-96.6738627,30.9779651
"2403",-118.2436849,34.0522342
"2404",-80.6495194,41.0997803
"2405",-74.0059728,40.7127753
"2406",-94.1265562,30.080174
"2407",-87.6297982,41.8781136
"2408",-84.8766115,35.1595182
"2409",-118.2436849,34.0522342
"2410",-118.2436849,34.0522342
"2411",-118.2436849,34.0522342
"2412",-77.0368707,38.9071923
"2413",-118.2436849,34.0522342
"2414",-118.2436849,34.0522342
"2415",-74.4056612,40.0583238
"2416",-118.2436849,34.0522342
"2417",-95.3698028,29.7604267
"2418",-90.1994042,38.6270025
"2419",-87.6297982,41.8781136
"2420",-118.2436849,34.0522342
"2421",-118.2436849,34.0522342
"2422",-118.2436849,34.0522342
"2423",-118.2436849,34.0522342
"2424",-94.7976958,29.3013479
"2425",-99.9018131,31.9685988
"2426",-87.6297982,41.8781136
"2427",-118.2436849,34.0522342
"2428",-95.3698028,29.7604267
"2429",-118.2436849,34.0522342
"2430",-118.2436849,34.0522342
"2431",-118.2436849,34.0522342
"2432",-118.2436849,34.0522342
"2433",-149.4936733,64.2008413
"2434",-96.7969879,32.7766642
"2435",-118.2436849,34.0522342
"2436",-87.6297982,41.8781136
"2437",-87.6297982,41.8781136
"2438",-97.3307658,32.7554883
"2439",-122.4194155,37.7749295
"2440",-96.7969879,32.7766642
"2441",-94.846681,39.7674578
"2442",-94.846681,39.7674578
"2443",-94.846681,39.7674578
"2444",-111.9738304,41.223
"2445",-118.2436849,34.0522342
"2446",-83.9207392,35.9606384
"2447",-118.2436849,34.0522342
"2448",-74.0059728,40.7127753
"2449",-84.5037164,38.0405837
"2450",-97.396381,27.8005828
"2451",-95.9345034,41.2565369
"2452",-97.9267037,32.6187445
"2453",-118.2436849,34.0522342
"2454",-74.0059728,40.7127753
"2455",-118.2436849,34.0522342
"2456",-76.2982742,36.8354258
"2457",-97.330053,37.6871761
"2458",-118.2436849,34.0522342
"2459",-95.3698028,29.7604267
"2460",-118.2436849,34.0522342
"2461",-114.316813,48.1919889
"2462",-78.6568942,37.4315734
"2463",-87.6297982,41.8781136
"2464",-95.3698028,29.7604267
"2465",-99.9018131,31.9685988
"2466",-76.6121893,39.2903848
"2467",-93.7501789,32.5251516
"2468",-97.1466695,31.549333
"2469",-118.2436849,34.0522342
"2470",-117.7499909,34.055103
"2471",-96.7969879,32.7766642
"2472",-104.990251,39.7392358
"2473",-95.3698028,29.7604267
"2474",-118.2436849,34.0522342
"2475",-87.6297982,41.8781136
"2476",-118.2436849,34.0522342
"2477",-118.2436849,34.0522342
"2478",-86.1349019,40.2671941
"2479",-118.2436849,34.0522342
"2480",-118.2436849,34.0522342
"2481",-90.0715323,29.9510658
"2482",-112.0740373,33.4483771
"2483",-99.9018131,31.9685988
"2484",-94.7976958,29.3013479
"2485",-77.1945247,41.2033216
"2486",-81.6943605,41.49932
"2487",-118.2436849,34.0522342
"2488",-104.990251,39.7392358
"2489",-118.2436849,34.0522342
"2490",-95.3698028,29.7604267
"2491",-82.9000751,32.1656221
"2492",-118.2436849,34.0522342
"2493",-74.0059728,40.7127753
"2494",-120.4829677,37.3021632
"2495",-87.6297982,41.8781136
"2496",-98.4936282,29.4241219
"2497",-118.2436849,34.0522342
"2498",-96.3372309,36.6678426
"2499",-111.8910474,40.7607793
"2500",-94.7976958,29.3013479
"2501",-96.1816626,38.403903
"2502",-122.2711137,37.8043637
"2503",-87.9064736,43.0389025
"2504",-118.2436849,34.0522342
"2505",-118.2436849,34.0522342
"2506",-98.4936282,29.4241219
"2507",-90.1994042,38.6270025
"2508",-118.2436849,34.0522342
"2509",-118.2436849,34.0522342
"2510",-118.2436849,34.0522342
"2511",-97.330053,37.6871761
"2512",-87.6297982,41.8781136
"2513",-118.2436849,34.0522342
"2514",-104.990251,39.7392358
"2515",-80.4549026,38.5976262
"2516",-118.2436849,34.0522342
"2517",-118.2436849,34.0522342
"2518",-118.2436849,34.0522342
"2519",-118.2436849,34.0522342
"2520",-118.2436849,34.0522342
"2521",-104.990251,39.7392358
"2522",-95.3698028,29.7604267
"2523",-95.3698028,29.7604267
"2524",-118.2436849,34.0522342
"2525",-96.7969879,32.7766642
"2526",-96.7969879,32.7766642
"2527",-95.3698028,29.7604267
"2528",-75.1652215,39.9525839
"2529",-95.3698028,29.7604267
"2530",-93.7501789,32.5251516
"2531",-97.330053,37.6871761
"2532",-118.2436849,34.0522342
"2533",-118.2436849,34.0522342
"2534",-96.7969879,32.7766642
"2535",-117.1610838,32.715738
"2536",-94.5785667,39.0997265
"2537",-77.6088465,43.1565779
"2538",-118.2436849,34.0522342
"2539",-118.2436849,34.0522342
"2540",-118.2436849,34.0522342
"2541",-96.7969879,32.7766642
"2542",-118.2436849,34.0522342
"2543",-97.3307658,32.7554883
"2544",-83.0457538,42.331427
"2545",-118.0019482,34.1442616
"2546",-118.2436849,34.0522342
"2547",-83.0457538,42.331427
"2548",-95.3698028,29.7604267
"2549",-118.2436849,34.0522342
"2550",-118.2436849,34.0522342
"2551",-74.0059728,40.7127753
"2552",-94.1265562,30.080174
"2553",-118.2436849,34.0522342
"2554",-118.2436849,34.0522342
"2555",-95.3698028,29.7604267
"2556",-81.6943605,41.49932
"2557",-81.6943605,41.49932
"2558",-83.8088171,39.9242266
"2559",-118.2436849,34.0522342
"2560",-110.6582699,47.8344143
"2561",-118.2436849,34.0522342
"2562",-76.2982742,36.8354258
"2563",-118.2436849,34.0522342
"2564",-112.0740373,33.4483771
"2565",-81.6943605,41.49932
"2566",-90.1994042,38.6270025
"2567",-118.2436849,34.0522342
"2568",-96.7969879,32.7766642
"2569",-87.6297982,41.8781136
"2570",-94.5785667,39.0997265
"2571",-92.4451371,31.3112936
"2572",-118.2436849,34.0522342
"2573",-96.7969879,32.7766642
"2574",-118.2436849,34.0522342
"2575",-118.2436849,34.0522342
"2576",-118.2436849,34.0522342
"2577",-97.5164276,35.4675602
"2578",-96.7969879,32.7766642
"2579",-118.2436849,34.0522342
"2580",-118.2436849,34.0522342
"2581",-93.7501789,32.5251516
"2582",-118.2436849,34.0522342
"2583",-83.357567,33.9519347
"2584",-118.2436849,34.0522342
"2585",-97.092877,35.0077519
"2586",-87.6297982,41.8781136
"2587",-94.5785667,39.0997265
"2588",-118.2436849,34.0522342
"2589",-92.1193012,32.5093109
"2590",-96.7969879,32.7766642
"2591",-118.2436849,34.0522342
"2592",-92.1193012,32.5093109
"2593",-95.3698028,29.7604267
"2594",-118.2436849,34.0522342
"2595",-118.2436849,34.0522342
"2596",-94.3674184,32.5448714
"2597",-118.2436849,34.0522342
"2598",-85.3096801,35.0456297
"2599",-92.2895948,34.7464809
"2600",-118.2436849,34.0522342
"2601",-86.8103567,33.5185892
"2602",-83.0457538,42.331427
"2603",-118.2436849,34.0522342
"2604",-118.2436849,34.0522342
"2605",-118.2436849,34.0522342
"2606",-96.7969879,32.7766642
"2607",-118.1937395,33.7700504
"2608",-95.3698028,29.7604267
"2609",-104.990251,39.7392358
"2610",-118.2436849,34.0522342
"2611",-90.1848103,32.2987573
"2612",-93.7501789,32.5251516
"2613",-122.1430195,37.4418834
"2614",-118.2436849,34.0522342
"2615",-85.1410748,39.6411589
"2616",-85.1410748,39.6411589
"2617",-85.1410748,39.6411589
"2618",-90.1994042,38.6270025
"2619",-95.3698028,29.7604267
"2620",-90.0715323,29.9510658
"2621",-90.0715323,29.9510658
"2622",-90.0715323,29.9510658
"2623",-95.6751576,39.0473451
"2624",-95.6751576,39.0473451
"2625",-97.3307658,32.7554883
"2626",-96.7969879,32.7766642
"2627",-97.330053,37.6871761
"2628",-118.2436849,34.0522342
"2629",-111.8910474,40.7607793
"2630",-95.3698028,29.7604267
"2631",-84.3879824,33.7489954
"2632",-118.2436849,34.0522342
"2633",-118.2436849,34.0522342
"2634",-118.2436849,34.0522342
"2635",-118.2436849,34.0522342
"2636",-96.7969879,32.7766642
"2637",-97.330053,37.6871761
"2638",-118.2436849,34.0522342
"2639",-118.2436849,34.0522342
"2640",-118.2436849,34.0522342
"2641",-93.0862749,31.7607195
"2642",-118.2436849,34.0522342
"2643",-118.2436849,34.0522342
"2644",-87.6297982,41.8781136
"2645",-118.2436849,34.0522342
"2646",-122.6269768,47.5650067
"2647",-97.3307658,32.7554883
"2648",-90.0489801,35.1495343
"2649",-118.2436849,34.0522342
"2650",-118.2436849,34.0522342
"2651",-97.3307658,32.7554883
"2652",-94.0476882,33.425125
"2653",-89.3985283,40.6331249
"2654",-97.3307658,32.7554883
"2655",-118.2436849,34.0522342
"2656",-118.2436849,34.0522342
"2657",-118.2436849,34.0522342
"2658",-97.3307658,32.7554883
"2659",-90.0715323,29.9510658
"2660",-87.5691735,33.2098407
"2661",-97.3307658,32.7554883
"2662",-118.2436849,34.0522342
"2663",-97.092877,35.0077519
"2664",-98.4936282,29.4241219
"2665",-118.2436849,34.0522342
"2666",-82.907123,40.4172871
"2667",-118.2436849,34.0522342
"2668",-94.0476882,33.425125
"2669",-96.7969879,32.7766642
"2670",-118.2436849,34.0522342
"2671",-95.3698028,29.7604267
"2672",-118.2436849,34.0522342
"2673",-81.6943605,41.49932
"2674",-122.4194155,37.7749295
"2675",-87.6297982,41.8781136
"2676",-118.1445155,34.1477849
"2677",-93.7501789,32.5251516
"2678",-98.4936282,29.4241219
"2679",-94.5785667,39.0997265
"2680",-106.650422,35.0843859
"2681",-90.1994042,38.6270025
"2682",-90.1994042,38.6270025
"2683",-118.2436849,34.0522342
"2684",-118.2436849,34.0522342
"2685",-118.2436849,34.0522342
"2686",-118.2436849,34.0522342
"2687",-118.2436849,34.0522342
"2688",-96.7969879,32.7766642
"2689",-122.2711137,37.8043637
"2690",-97.330053,37.6871761
"2691",-118.2436849,34.0522342
"2692",-118.2436849,34.0522342
"2693",-118.2436849,34.0522342
"2694",-118.2436849,34.0522342
"2695",-118.2436849,34.0522342
"2696",-118.2436849,34.0522342
"2697",-118.2436849,34.0522342
"2698",-118.2436849,34.0522342
"2699",-118.2436849,34.0522342
"2700",-95.3010624,32.3512601
"2701",-92.637927,32.5232053
"2702",-97.3307658,32.7554883
"2703",-118.2436849,34.0522342
"2704",-118.2436849,34.0522342
"2705",-118.2436849,34.0522342
"2706",-87.4886186,36.8656008
"2707",-83.8088171,39.9242266
"2708",-118.2436849,34.0522342
"2709",-118.2436849,34.0522342
"2710",-82.4571776,27.950575
"2711",-86.7816016,36.1626638
"2712",-91.1871466,30.4514677
"2713",-91.5545649,31.6301664
"2714",-90.0715323,29.9510658
"2715",-86.8103567,33.5185892
"2716",-87.6297982,41.8781136
"2717",-118.2436849,34.0522342
"2718",-90.0715323,29.9510658
"2719",-93.7501789,32.5251516
"2720",-94.0476882,33.425125
"2721",-118.2436849,34.0522342
"2722",-84.1916069,39.7589478
"2723",-77.0368707,38.9071923
"2724",-96.1108066,33.1384488
"2725",-90.3440178,43.6521958
"2726",-79.8878254,40.1484053
"2727",-94.5785667,39.0997265
"2728",-77.0368707,38.9071923
"2729",-118.2436849,34.0522342
"2730",-97.3307658,32.7554883
"2731",-118.2436849,34.0522342
"2732",-118.2436849,34.0522342
"2733",-79.9958864,40.4406248
"2734",-83.8240663,34.2978794
"2735",-118.2436849,34.0522342
"2736",-118.2436849,34.0522342
"2737",-93.2868354,32.6154278
"2738",-118.1445155,34.1477849
"2739",-118.2436849,34.0522342
"2740",-118.2436849,34.0522342
"2741",-106.4850217,31.7618778
"2742",-94.5785667,39.0997265
"2743",-98.4936282,29.4241219
"2744",-97.5164276,35.4675602
"2745",-90.1848103,32.2987573
"2746",-98.4936282,29.4241219
"2747",-83.0457538,42.331427
"2748",-90.0489801,35.1495343
"2749",-90.0489801,35.1495343
"2750",-112.0740373,33.4483771
"2751",-118.2436849,34.0522342
"2752",-77.0368707,38.9071923
"2753",-93.7501789,32.5251516
"2754",-122.3320708,47.6062095
"2755",-98.4936282,29.4241219
"2756",-118.2436849,34.0522342
"2757",-118.2436849,34.0522342
"2758",-74.0059728,40.7127753
"2759",-95.3698028,29.7604267
"2760",-94.1265562,30.080174
"2761",-94.846681,39.7674578
"2762",-97.092877,35.0077519
"2763",-118.2436849,34.0522342
"2764",-95.3698028,29.7604267
"2765",-95.3698028,29.7604267
"2766",-118.2436849,34.0522342
"2767",-118.2436849,34.0522342
"2768",-90.0489801,35.1495343
"2769",-122.6793461,45.5154586
"2770",-118.2436849,34.0522342
"2771",-95.3698028,29.7604267
"2772",-109.2029043,41.5874644
"2773",-110.9747108,32.2226066
"2774",-118.2436849,34.0522342
"2775",-95.3698028,29.7604267
"2776",-104.990251,39.7392358
"2777",-94.1265562,30.080174
"2778",-97.1466695,31.549333
"2779",-118.2436849,34.0522342
"2780",-82.0105148,33.4734978
"2781",-87.6297982,41.8781136
"2782",-118.2436849,34.0522342
"2783",-96.7969879,32.7766642
"2784",-118.2436849,34.0522342
"2785",-79.9310512,32.7764749
"2786",-77.0368707,38.9071923
"2787",-118.2436849,34.0522342
"2788",-95.4566136,31.3182359
"2789",-82.9987942,39.9611755
"2790",-118.2436849,34.0522342
"2791",-95.3698028,29.7604267
"2792",-81.6943605,41.49932
"2793",-84.2700179,37.8393332
"2794",-118.2436849,34.0522342
"2795",-118.2436849,34.0522342
"2796",-122.2711137,37.8043637
"2797",-97.092877,35.0077519
"2798",-88.0817251,41.525031
"2799",-86.7816016,36.1626638
"2800",-76.4730122,37.0870821
"2801",-83.0457538,42.331427
"2802",-86.7816016,36.1626638
"2803",-86.7816016,36.1626638
"2804",-118.2436849,34.0522342
"2805",-122.4194155,37.7749295
"2806",-118.2436849,34.0522342
"2807",-122.2711137,37.8043637
"2808",-92.4451371,31.3112936
"2809",-73.9441579,40.6781784
"2810",-118.2436849,34.0522342
"2811",-90.0715323,29.9510658
"2812",-118.2436849,34.0522342
"2813",-118.2436849,34.0522342
"2814",-118.2436849,34.0522342
"2815",-79.5894828,40.0178522
"2816",-86.8103567,33.5185892
"2817",-83.0457538,42.331427
"2818",-92.4451371,31.3112936
"2819",-118.2436849,34.0522342
"2820",-96.7969879,32.7766642
"2821",-118.2436849,34.0522342
"2822",-80.8184166,41.2375569
"2823",-118.2436849,34.0522342
"2824",-118.2436849,34.0522342
"2825",-93.7501789,32.5251516
"2826",-96.4049408,42.4963416
"2827",-118.2436849,34.0522342
"2828",-118.2436849,34.0522342
"2829",-118.2436849,34.0522342
"2830",-96.7969879,32.7766642
"2831",-118.2436849,34.0522342
"2832",-94.5785667,39.0997265
"2833",-92.1193012,32.5093109
"2834",-118.2436849,34.0522342
"2835",-96.7969879,32.7766642
"2836",-95.3698028,29.7604267
"2837",-117.1610838,32.715738
"2838",-118.2436849,34.0522342
"2839",-80.8431267,35.2270869
"2840",-93.2173758,30.2265949
"2841",-98.4936282,29.4241219
"2842",-118.2436849,34.0522342
"2843",-88.4272627,33.4956744
"2844",-118.2436849,34.0522342
"2845",-95.7697131,34.9334298
"2846",-94.5785667,39.0997265
"2847",-118.2436849,34.0522342
"2848",-118.2436849,34.0522342
"2849",-118.2436849,34.0522342
"2850",-118.2436849,34.0522342
"2851",-118.2436849,34.0522342
"2852",-118.2436849,34.0522342
"2853",-118.2436849,34.0522342
"2854",-104.8202462,41.1399814
"2855",-117.1610838,32.715738
"2856",-83.0457538,42.331427
"2857",-78.8783689,42.8864468
"2858",-118.2436849,34.0522342
"2859",-82.9987942,39.9611755
"2860",-84.3982763,39.5150576
"2861",-87.6297982,41.8781136
"2862",-98.4936282,29.4241219
"2863",-118.2436849,34.0522342
"2864",-74.0059728,40.7127753
"2865",-106.4850217,31.7618778
"2866",-84.5120196,39.1031182
"2867",-118.2436849,34.0522342
"2868",-87.6297982,41.8781136
"2869",-118.2436849,34.0522342
"2870",-87.6297982,41.8781136
"2871",-90.4531535,31.2437872
"2872",-118.2436849,34.0522342
"2873",-118.2436849,34.0522342
"2874",-87.6297982,41.8781136
"2875",-94.5785667,39.0997265
"2876",-92.0031955,34.2284312
"2877",-118.2436849,34.0522342
"2878",-118.2436849,34.0522342
"2879",-98.4933873,33.9137085
"2880",-95.9345034,41.2565369
"2881",-118.2436849,34.0522342
"2882",-118.2436849,34.0522342
"2883",-118.2436849,34.0522342
"2884",-97.856109,27.5158689
"2885",-118.2436849,34.0522342
"2886",-118.2436849,34.0522342
"2887",-104.990251,39.7392358
"2888",-74.0059728,40.7127753
"2889",-118.2436849,34.0522342
"2890",-118.2436849,34.0522342
"2891",-118.2436849,34.0522342
"2892",-98.4936282,29.4241219
"2893",-90.0489801,35.1495343
"2894",-95.3698028,29.7604267
"2895",-95.3698028,29.7604267
"2896",-74.0059728,40.7127753
"2897",-77.0368707,38.9071923
"2898",-104.8213634,38.8338816
"2899",-87.6297982,41.8781136
"2900",-99.9018131,31.9685988
"2901",-97.5164276,35.4675602
"2902",-88.0398912,30.6953657
"2903",-118.2436849,34.0522342
"2904",-106.650422,35.0843859
"2905",-118.2436849,34.0522342
"2906",-81.8192892,38.0670454
"2907",-84.4371309,33.908641
"2908",-95.3698028,29.7604267
"2909",-118.2436849,34.0522342
"2910",-95.6751576,39.0473451
"2911",-95.9345034,41.2565369
"2912",-81.8192892,38.0670454
"2913",-83.4390843,39.5364511
"2914",-83.4390843,39.5364511
"2915",-90.0489801,35.1495343
"2916",-95.992775,36.1539816
"2917",-99.9018131,31.9685988
"2918",-87.6297982,41.8781136
"2919",-98.4933873,33.9137085
"2920",-118.2436849,34.0522342
"2921",-118.2436849,34.0522342
"2922",-87.6297982,41.8781136
"2923",-96.4049408,42.4963416
"2924",-118.2436849,34.0522342
"2925",-104.6091409,38.2544472
"2926",-95.3698028,29.7604267
"2927",-118.2436849,34.0522342
"2928",-118.2436849,34.0522342
"2929",-118.2436849,34.0522342
"2930",-97.3307658,32.7554883
"2931",-96.7969879,32.7766642
"2932",-118.2436849,34.0522342
"2933",-118.2922461,33.7360619
"2934",-86.8103567,33.5185892
"2935",-95.3696909,35.7478769
"2936",-118.2436849,34.0522342
"2937",-95.992775,36.1539816
"2938",-118.2436849,34.0522342
"2939",-94.5785667,39.0997265
"2940",-95.3698028,29.7604267
"2941",-96.7969879,32.7766642
"2942",-122.2711137,37.8043637
"2943",-118.2436849,34.0522342
"2944",-80.6495194,41.0997803
"2945",-80.6495194,41.0997803
"2946",-122.2711137,37.8043637
"2947",-98.3959291,34.6035669
"2948",-90.0715323,29.9510658
"2949",-118.2436849,34.0522342
"2950",-96.7969879,32.7766642
"2951",-82.445154,38.4192496
"2952",-118.2436849,34.0522342
"2953",-83.7524298,40.1083912
"2954",-94.3674184,32.5448714
"2955",-83.7524298,40.1083912
"2956",-97.7430608,30.267153
"2957",-98.4936282,29.4241219
"2958",-98.4936282,29.4241219
"2959",-122.2711137,37.8043637
"2960",-118.2436849,34.0522342
"2961",-86.5804473,35.5174913
"2962",-94.0476882,33.425125
"2963",-90.0715323,29.9510658
"2964",-118.2436849,34.0522342
"2965",-96.7969879,32.7766642
"2966",-96.7969879,32.7766642
"2967",-96.7969879,32.7766642
"2968",-96.7969879,32.7766642
"2969",-96.7969879,32.7766642
"2970",-87.6297982,41.8781136
"2971",-95.3696909,35.7478769
"2972",-95.3696909,35.7478769
"2973",-118.2436849,34.0522342
"2974",-118.2436849,34.0522342
"2975",-95.555513,33.6609389
"2976",-118.2436849,34.0522342
"2977",-94.0476882,33.425125
"2978",-87.6297982,41.8781136
"2979",-118.2436849,34.0522342
"2980",-95.3698028,29.7604267
"2981",-98.4936282,29.4241219
"2982",-118.2436849,34.0522342
"2983",-86.8103567,33.5185892
"2984",-118.2436849,34.0522342
"2985",-96.4688727,32.0954304
"2986",-118.2436849,34.0522342
"2987",-118.2436849,34.0522342
"2988",-94.6267873,39.1155314
"2989",-118.2436849,34.0522342
"2990",-81.6943605,41.49932
"2991",-90.0489801,35.1495343
"2992",-87.6297982,41.8781136
"2993",-83.9207392,35.9606384
"2994",-95.3698028,29.7604267
"2995",-94.7404891,32.5007037
"2996",-118.2436849,34.0522342
"2997",-86.158068,39.768403
"2998",-118.2436849,34.0522342
"2999",-118.2436849,34.0522342
"3000",-99.9018131,31.9685988
"3001",-81.6943605,41.49932
"3002",-118.2436849,34.0522342
"3003",-94.6267873,39.1155314
"3004",-118.2436849,34.0522342
"3005",-90.0715323,29.9510658
"3006",-96.7969879,32.7766642
"3007",-99.9018131,31.9685988
"3008",-95.3698028,29.7604267
"3009",-118.2436849,34.0522342
"3010",-118.2436849,34.0522342
"3011",-87.6297982,41.8781136
"3012",-89.3985283,32.3546679
"3013",-94.6267873,39.1155314
"3014",-97.5164276,35.4675602
"3015",-92.2895948,34.7464809
"3016",-93.7501789,32.5251516
"3017",-95.4572034,37.6792135
"3018",-92.2895948,34.7464809
"3019",-74.0059728,40.7127753
"3020",-118.2436849,34.0522342
"3021",-118.2436849,34.0522342
"3022",-96.7969879,32.7766642
"3023",-86.7816016,36.1626638
"3024",-118.2922461,33.7360619
"3025",-78.6568942,37.4315734
"3026",-122.2711137,37.8043637
"3027",-98.4936282,29.4241219
"3028",-90.877882,32.3526456
"3029",-76.6121893,39.2903848
"3030",-83.0457538,42.331427
"3031",-84.2032767,40.0394982
"3032",-97.1466695,31.549333
"3033",-84.3982763,39.5150576
"3034",-98.4936282,29.4241219
"3035",-118.1445155,34.1477849
"3036",-87.6297982,41.8781136
"3037",-118.2436849,34.0522342
"3038",-118.2436849,34.0522342
"3039",-109.5453447,31.3445471
"3040",-118.2436849,34.0522342
"3041",-118.2436849,34.0522342
"3042",-118.2436849,34.0522342
"3043",-118.2436849,34.0522342
"3044",-118.2436849,34.0522342
"3045",-118.2436849,34.0522342
"3046",-118.2436849,34.0522342
